ASV_ID,Domain,Kingdom,Phylum,class,subclass,order,suborder,Family,Genus,Species
2fa68a0719837c2f846f476e9802a91c,Eukaryota,Stramenopiles,Ochrophyta,Bacillariophyta,,,,,,
e105c00b1bdb564b5ee21edcdc07eb21,Eukaryota,Stramenopiles,Ochrophyta,Bacillariophyta,Bacillariophyceae,,,,,
bed32ec4f3b404caa24efa81fe2236ba,Eukaryota,Stramenopiles,Ochrophyta,Bacillariophyta,,,,,,
78f67f4fbe7c2a8c06a4b5d7e1c6a375,Eukaryota,Stramenopiles,Ochrophyta,Bacillariophyta,,,,,,
b925e95fed1aad4c1036b839ea2e77a0,Eukaryota,Stramenopiles,Ochrophyta,Bacillariophyta,,,,,,
e4fbe5f9fd684483aecd417b9705df87,Eukaryota,Stramenopiles,Ochrophyta,Bacillariophyta,,,,,,
d90b1008867c485e2299c304c2b1b8dd,Eukaryota,Hacrobia,Haptophyta,Prymnesiophyceae,Prymnesiophyceae_X,Prymnesiales,Prymnesiales_X,Prymnesiaceae,Imantonia,
603be0fa4b1b3a4d1514eb6443291798,Eukaryota,Hacrobia,Haptophyta,Prymnesiophyceae,,,,,,
f221d42ab6a310bda0eb5bd1f05d2e6d,Eukaryota,Stramenopiles,Ochrophyta,Chrysophyceae,Chrysophyceae_X,Chromulinales,Chromulinales_X,Chromulinaceae,Ochromonas,Ochromonas sp.
10ee9074bbd6cabd2f3270d88e8c0fea,Eukaryota,Stramenopiles,Ochrophyta,Phaeophyceae,Phaeophyceae_X,Ectocarpales,Ectocarpales_X,Acinetosporaceae,Pylaiella,Pylaiella littoralis
fb74dd10190341c6a61ddbf097e8da77,Eukaryota,Stramenopiles,Ochrophyta,Bacillariophyta,Bacillariophyceae,,,,,
29cb2481ae8052858d3b829d5b09f329,Eukaryota,Stramenopiles,Ochrophyta,Bacillariophyta,Coscinodiscophyceae,Chaetocerotales,Chaetocerotales,Chaetocerotaceae,Chaetoceros,Chaetoceros sp.
b93f53e7e41ff9b1fa9e7691e5f32272,Eukaryota,Stramenopiles,Ochrophyta,Bacillariophyta,,,,,,
ec3599b4a551e60ce8dba150a8f22d17,Eukaryota,Stramenopiles,Ochrophyta,Phaeophyceae,Phaeophyceae_X,Ectocarpales,Ectocarpales_X,Ectocarpaceae,Ectocarpus,Ectocarpus siliculosus
4e51dfdb40ecaefd9516d14e9e7949f0,Eukaryota,Stramenopiles,Ochrophyta,Dictyochophyceae,Dictyochophyceae_X,Pedinellales,Pedinellales_X,Pedinellales_XX,Pedinella,Pedinella sp.
33117c4473b9e902fff3c8b52b084b4c,Eukaryota,Archaeplastida,Chlorophyta,Chlorophyceae,Chlorophyceae_X,Chlamydomonadales,Chlamydomonadales_X,Dunaliellaceae,Dunaliella,
c9341ea09fb758c3546e0bd33f26a4c0,Eukaryota,Stramenopiles,Ochrophyta,Bacillariophyta,,,,,,
0b19c615863dbec111446735ca38e2ad,Eukaryota,Hacrobia,Haptophyta,Prymnesiophyceae,Prymnesiophyceae_X,Prymnesiales,Prymnesiales_X,Chrysochromulinaceae,Chrysochromulina,Chrysochromulina camella
48b4000231a108fd37800125430279d6,Eukaryota,Stramenopiles,Ochrophyta,Dictyochophyceae,Dictyochophyceae_X,Florenciellales,Florenciellales_X,Florenciellales_XX,Florenciella,
b2946c52ecd61b7a4ead96bb3c74bf6b,Eukaryota,Archaeplastida,Chlorophyta,Chlorophyceae,Chlorophyceae_X,Chlamydomonadales,Chlamydomonadales_X,Chlorococcaceae,Oophila,Oophila amblystomatis
ca045c9d84243cf2ef213f5557b97c1b,Eukaryota,Stramenopiles,Ochrophyta,Dictyochophyceae,Dictyochophyceae_X,Pedinellales,Pedinellales_X,Pedinellales_XX,Pedinella,Pedinella sp.
34002f4303529e0852de9c8ceac1176b,Eukaryota,Excavata,Discoba,Euglenozoa,Euglenophyceae,Eutreptiales,Eutreptiales_X,Eutreptiaceae,Eutreptiella,Eutreptiella pomquetensis
a545488101744d1345cae1e115ec7798,Eukaryota,Stramenopiles,Ochrophyta,Bacillariophyta,Bacillariophyceae,,,,,
b6860e3bd350d5fd441b2084555a7d92,Eukaryota,Archaeplastida,Chlorophyta,Prasinophyceae,Prasinophyceae_X,Pyramimonadales,Pyramimonadales_X,Pyramimonadaceae,Pyramimonas,Pyramimonas parkeae
3994cb2107be6df7a15ba1447a50a405,Eukaryota,Stramenopiles,Ochrophyta,Bacillariophyta,Coscinodiscophyceae,Chaetocerotales,,,,
5fa3e0c3a523ac060d9dacb2139c68a8,Eukaryota,Stramenopiles,Ochrophyta,Chrysophyceae,Chrysophyceae_X,Chromulinales,Chromulinales_X,Chromulinaceae,Ochromonas,Ochromonas sp.
b70d6f6a61ec9dc2ea1d844151f61697,Eukaryota,Stramenopiles,Ochrophyta,Bacillariophyta,Coscinodiscophyceae,Chaetocerotales,Chaetocerotales,Chaetocerotaceae,Chaetoceros,Chaetoceros sp.
a727a663eb5a82783e7904dc46180705,Eukaryota,Stramenopiles,Ochrophyta,Bacillariophyta,Coscinodiscophyceae,,,,,
fef6e21254c70d61f7d9b09bf63989bb,Eukaryota,Stramenopiles,Ochrophyta,Bacillariophyta,Coscinodiscophyceae,Chaetocerotales,,,,
2e993c562070803682545ee38091612a,Eukaryota,Stramenopiles,Ochrophyta,Dictyochophyceae,Dictyochophyceae_X,Pedinellales,Pedinellales_X,Pedinellales_XX,Pedinella,Pedinella sp.
2b37f0aa33ac1defdef26867feef3569,Eukaryota,Stramenopiles,Ochrophyta,Chrysophyceae,Chrysophyceae_X,Chromulinales,Chromulinales_X,Chromulinaceae,Ochromonas,Ochromonas sp.
2f38ea4521fe55e23cb82b26593e31f6,Eukaryota,Hacrobia,Haptophyta,Prymnesiophyceae,Prymnesiophyceae_X,Prymnesiales,Prymnesiales_X,Prymnesiaceae,Imantonia,Imantonia rotunda
6e3d416f2d18f5f10704265eea9ce11e,Eukaryota,Hacrobia,Haptophyta,Prymnesiophyceae,Prymnesiophyceae_X,Prymnesiales,Prymnesiales_X,Chrysochromulinaceae,Chrysochromulina,Chrysochromulina sp.
daae7507afbc59b96234e798a7787712,Eukaryota,Stramenopiles,Ochrophyta,Chrysophyceae,Chrysophyceae_X,Chromulinales,Chromulinales_X,Chromulinaceae,Ochromonas,
407aa2fa0bb011a208cc78e626f4b97e,Eukaryota,Stramenopiles,Ochrophyta,Bacillariophyta,Coscinodiscophyceae,Thalassiosirales,Thalassiosirales_X,,,
581d090028f67e8e13604b8856f4260f,Eukaryota,Stramenopiles,Ochrophyta,Dictyochophyceae,Dictyochophyceae_X,Pedinellales,Pedinellales_X,Pedinellales_XX,Pedinella,Pedinella sp.
593de737d56c1548c31ad1f3499a391a,Eukaryota,Stramenopiles,Ochrophyta,Bacillariophyta,Coscinodiscophyceae,Thalassiosirales,Thalassiosirales_X,,,
a946e9d7855afe85e9a61bbb17bad0e8,Eukaryota,Stramenopiles,Ochrophyta,Chrysophyceae,Chrysophyceae_X,Chromulinales,Chromulinales_X,Chromulinaceae,Ochromonas,Ochromonas distigma
961893e45e123a7010affee61617b5c0,Eukaryota,Archaeplastida,Chlorophyta,Chlorophyceae,Chlorophyceae_X,Chlamydomonadales,Chlamydomonadales_X,,,
fc97c1e8776c076d98d2a9aa85007191,Eukaryota,Stramenopiles,Ochrophyta,Bacillariophyta,Bacillariophyceae,Bacillariales,Bacillariales_X,Bacillariaceae,Fragilariopsis,Fragilariopsis cylindrus
5f156339129be7a73e2c1b7667142d6b,Eukaryota,Stramenopiles,Ochrophyta,Bacillariophyta,Coscinodiscophyceae,Chaetocerotales,Chaetocerotales,Chaetocerotaceae,Chaetoceros,Chaetoceros sp.
cfc702ab8b0ed45a5be979ebe2fd04c7,Eukaryota,,,,,,,,,
d96fec61120b1b6e6cb3401c91ff2167,Eukaryota,Stramenopiles,Ochrophyta,Chrysophyceae,Chrysophyceae_X,Chromulinales,Chromulinales_X,Chromulinaceae,Ochromonas,Ochromonas sp.
31ce03b7acf72ef9ed411ed940dc4603,Eukaryota,Stramenopiles,Ochrophyta,Bacillariophyta,Coscinodiscophyceae,,,,,
a06b583fe0239e6bdc745181702e0b0d,Eukaryota,Stramenopiles,Ochrophyta,Bacillariophyta,Coscinodiscophyceae,,,,,
a91560f56309cad8a66cfd483cb35e2c,Eukaryota,Archaeplastida,Chlorophyta,Mamiellophyceae,Mamiellophyceae_X,Dolichomastigales,Dolichomastigales_X,Dolichomastigaceae,Crustomastix,Crustomastix stigmatica
6530bf9283f4962c3d7b3c69aa972bca,Eukaryota,Archaeplastida,Chlorophyta,Prasinophyceae,Prasinophyceae_X,Pyramimonadales,Pyramimonadales_X,Pyramimonadaceae,Pyramimonas,Pyramimonas tetrarhynchus
25667e210e14989d72bc9ce354689856,Eukaryota,Archaeplastida,Chlorophyta,Prasinophyceae,Prasinophyceae_X,Pyramimonadales,Pyramimonadales_X,Pyramimonadaceae,Pyramimonas,Pyramimonas sp.
feaa13206925203faa8417f2f6d3b8bf,Eukaryota,Archaeplastida,Chlorophyta,Prasinophyceae,Prasinophyceae_X,Pyramimonadales,Pyramimonadales_X,Pyramimonadaceae,Pyramimonas,Pyramimonas parkeae
12a55eec5f9804e62c9ff10345f85e95,Eukaryota,Stramenopiles,Ochrophyta,Bacillariophyta,Bacillariophyceae,,,,,
becc16f654c588c4b170ea0868d3e3e6,Eukaryota,Stramenopiles,Ochrophyta,Chrysophyceae,Chrysophyceae_X,Chromulinales,Chromulinales_X,Chromulinaceae,Ochromonas,
ceef80049ad592bd112dd482191a19b8,Eukaryota,Stramenopiles,Ochrophyta,Dictyochophyceae,Dictyochophyceae_X,Pedinellales,Pedinellales_X,Pedinellales_XX,Pedinella,Pedinella sp.
12047c66fdcd8377f9c10e12a467c8af,Eukaryota,Stramenopiles,Ochrophyta,Bacillariophyta,Coscinodiscophyceae,Chaetocerotales,Chaetocerotales,Chaetocerotaceae,Chaetoceros,Chaetoceros sp.
8c813d1472fade096749f8e07ebd4563,Eukaryota,Stramenopiles,Ochrophyta,Bacillariophyta,,,,,,
fa688875c99389e8a3527839ad60abb9,Eukaryota,Hacrobia,Haptophyta,Prymnesiophyceae,,,,,,
02fa6b581a637864b206deb7b3f3efd5,Eukaryota,Stramenopiles,Ochrophyta,Dictyochophyceae,Dictyochophyceae_X,Pedinellales,Pedinellales_X,Pedinellales_XX,Pedinella,Pedinella sp.
05a59eb6d9e192dca1010faa662e0c9d,Eukaryota,Stramenopiles,Ochrophyta,Bacillariophyta,Bacillariophyceae,,,,,
84f8efa58ecce8fae0096701effe3432,Eukaryota,Stramenopiles,Ochrophyta,Bacillariophyta,Coscinodiscophyceae,Chaetocerotales,,,,
4f92b41e89850a7fc436e0a39d0ca5b5,Eukaryota,Stramenopiles,Ochrophyta,Chrysophyceae,Chrysophyceae_X,Chromulinales,Chromulinales_X,Chromulinaceae,Ochromonas,Ochromonas sp.
b6e7e16438ab2f0a8fc5b475c1c332ad,Eukaryota,Stramenopiles,Ochrophyta,Chrysophyceae,Chrysophyceae_X,Chromulinales,Chromulinales_X,Chromulinaceae,Ochromonas,Ochromonas distigma
793ce22e648cb340d83e5beec7973160,Eukaryota,Stramenopiles,Ochrophyta,Bacillariophyta,Coscinodiscophyceae,Chaetocerotales,Chaetocerotales,Chaetocerotaceae,Chaetoceros,Chaetoceros sp.
7a83e7b2366fec2db6e671cdeb6f4e24,Eukaryota,Stramenopiles,Ochrophyta,Bacillariophyta,Bacillariophyceae,,,,,
4933dabba3edc28455cf7c69b712d1ee,Eukaryota,Stramenopiles,Ochrophyta,Dictyochophyceae,Dictyochophyceae_X,Pedinellales,Pedinellales_X,Pedinellales_XX,Pedinella,Pedinella sp.
b2b87c32f4e03f83dac712d21fb48c0f,Eukaryota,Stramenopiles,Ochrophyta,Dictyochophyceae,Dictyochophyceae_X,Florenciellales,Florenciellales_X,Florenciellales_XX,Florenciella,
b7e382dd6a43b8842a3bdabd84c57f5b,Eukaryota,Stramenopiles,Ochrophyta,Bacillariophyta,Coscinodiscophyceae,,,,,
3e80b0e1316380468fefa3d5c631885a,Eukaryota,Stramenopiles,Ochrophyta,Bacillariophyta,Coscinodiscophyceae,Thalassiosirales,Thalassiosirales_X,,,
c4ef889dd096c300f639cb3def619a5f,Eukaryota,Stramenopiles,Ochrophyta,Bacillariophyta,Bacillariophyceae,Bacillariales,Bacillariales_X,Bacillariaceae,Cylindrotheca,Cylindrotheca closterium
733f3644fd074636d79d6c759ab1ee0c,Eukaryota,Stramenopiles,Ochrophyta,Bacillariophyta,Coscinodiscophyceae,Thalassiosirales,Thalassiosirales_X,,,
85e66200d2041d6198fe3fa15ede4795,Eukaryota,Stramenopiles,Ochrophyta,Chrysophyceae,Chrysophyceae_X,Chromulinales,Chromulinales_X,Chromulinaceae,Ochromonas,Ochromonas sp.
b60882e9f7dd4f4140bbd21f08f9cda4,Eukaryota,Stramenopiles,Ochrophyta,Bacillariophyta,Coscinodiscophyceae,Chaetocerotales,Chaetocerotales,Chaetocerotaceae,Chaetoceros,Chaetoceros sp.
a11e22c40a4c0c67559f1d3aae7a6dcb,Eukaryota,Stramenopiles,Ochrophyta,Bacillariophyta,,,,,,
c008bf2773611a4f277da9680cf8070c,Eukaryota,Archaeplastida,Chlorophyta,Chlorophyceae,Chlorophyceae_X,Chlamydomonadales,Chlamydomonadales_X,Chlorococcaceae,Oophila,Oophila amblystomatis
350a644f61475a673a9e7820869b8df4,Eukaryota,Hacrobia,Haptophyta,Prymnesiophyceae,Prymnesiophyceae_X,Prymnesiales,Prymnesiales_X,Chrysochromulinaceae,Chrysochromulina,Chrysochromulina sp.
a757c3f018e2999c4a0e137e5118fd8f,Eukaryota,Hacrobia,Cryptophyta,Cryptophyceae,Cryptophyceae_X,Pyrenomonadales,Pyrenomonadales_X,Geminigeraceae,,
a6b01f282bcf6d76c50c1e7651099b4e,Eukaryota,Stramenopiles,Ochrophyta,Bacillariophyta,Coscinodiscophyceae,Rhizosoleniales,Rhizosoleniales_X,Rhizosoleniaceae,Rhizosolenia,Rhizosolenia setigera
11380feaccce490cff25622f716535e6,Eukaryota,Archaeplastida,Chlorophyta,Chlorophyceae,Chlorophyceae_X,Chlamydomonadales,Chlamydomonadales_X,Chlorococcaceae,Oophila,Oophila amblystomatis
3e77390d585a817779f7406fda6dfeb1,Eukaryota,Stramenopiles,Ochrophyta,,,,,,,
9ccb832587d9a8db80f39a70df22063b,Eukaryota,Stramenopiles,Ochrophyta,,,,,,,
2c8fe93140cfc8b81a123d931026e57b,Eukaryota,Stramenopiles,Ochrophyta,Bacillariophyta,Bacillariophyceae,,,,,
a8bb057c0aaa0f1c15ffa3fbcb4d0f7e,Eukaryota,Stramenopiles,Ochrophyta,Bacillariophyta,Coscinodiscophyceae,,,,,
2a5360714f0a2e869c0acc0cee661c13,Eukaryota,Stramenopiles,Ochrophyta,Bacillariophyta,,,,,,
b4fba0f20b8b4ceef9cd4c6bb3124f48,Eukaryota,Stramenopiles,Ochrophyta,Dictyochophyceae,Dictyochophyceae_X,Pedinellales,Pedinellales_X,Pedinellales_XX,Pedinella,Pedinella sp.
733e52c722eeb7773b453aa593455a40,Eukaryota,Stramenopiles,Ochrophyta,Bacillariophyta,Coscinodiscophyceae,Thalassiosirales,Thalassiosirales_X,,,
b33a219d959634c1654f6d5094433c05,Eukaryota,Stramenopiles,Ochrophyta,Dictyochophyceae,Dictyochophyceae_X,Pedinellales,Pedinellales_X,Pedinellales_XX,Pedinella,Pedinella sp.
6caed95dc4845c82c1f0a961b8670b73,Eukaryota,Stramenopiles,Ochrophyta,,,,,,,
43fc60d8661a0791becdd3c20c4479b7,Eukaryota,Hacrobia,Cryptophyta,Cryptophyceae,Cryptophyceae_X,Pyrenomonadales,Pyrenomonadales_X,Geminigeraceae,,
11f63fc9534419ba10dbd7e2e36adda3,Eukaryota,Stramenopiles,Ochrophyta,Bacillariophyta,,,,,,
dad78f114886431feed621405cd5f5d1,Eukaryota,Archaeplastida,Chlorophyta,Mamiellophyceae,Mamiellophyceae_X,Dolichomastigales,Dolichomastigales_X,Dolichomastigaceae,Dolichomastix,Dolichomastix tenuilepis
41f70d84d96243a79ce0094891502a43,Eukaryota,Archaeplastida,Chlorophyta,Mamiellophyceae,Mamiellophyceae_X,Mamiellales,Mamiellales_X,Mamiellaceae,Micromonas,Micromonas pusilla
8a15590e58de476c0ece69351e855ed0,Eukaryota,Stramenopiles,Ochrophyta,Bacillariophyta,,,,,,
f88db59379efd21be78c133c579c127c,Eukaryota,Stramenopiles,Ochrophyta,Bacillariophyta,Coscinodiscophyceae,Thalassiosirales,Thalassiosirales_X,Thalassiosiraceae,Thalassiosira,Thalassiosira nordenskioeldii
cdaf018f1bd4e55bf89bc48d781a7eb8,Eukaryota,Stramenopiles,Ochrophyta,Bacillariophyta,,,,,,
5375e3eaba3c30a9e80de15296416505,Eukaryota,Stramenopiles,Ochrophyta,Chrysophyceae,Chrysophyceae_X,Chromulinales,Chromulinales_X,Chrysosphaeraceae,Chrysosphaera,Chrysosphaera sp.
6c21c76abbca859ddeee6b7d1354800a,Eukaryota,Stramenopiles,Ochrophyta,Bacillariophyta,,,,,,
eba6da1a90476e9d4b74bc51f6545dc9,Eukaryota,Stramenopiles,Ochrophyta,Bolidophyceae,Bolidophyceae_X,Bolidomonadales,Bolidomonadales_X,Bolidomonadaceae,Bolidomonas,Bolidomonas mediterranea
ea50b3f527eaf838c79d05d848a4a5c2,Eukaryota,Stramenopiles,Ochrophyta,Dictyochophyceae,Dictyochophyceae_X,Florenciellales,Florenciellales_X,Florenciellales_XX,Florenciella,
cbf7eb3939b1be45dd334fec2800b4ce,Eukaryota,Stramenopiles,Ochrophyta,Bacillariophyta,,,,,,
a8c502eada02bff3832fadaeeb970d37,Eukaryota,Stramenopiles,Ochrophyta,Bacillariophyta,Coscinodiscophyceae,Thalassiosirales,Thalassiosirales_X,,,
bebdd4949373c0ca4d1be57550245967,Eukaryota,Stramenopiles,Ochrophyta,Bacillariophyta,Bacillariophyceae,,,,,
3601707ece234efbf8ba0ebb09bd7cab,Eukaryota,Archaeplastida,Chlorophyta,Prasinophyceae,Prasinophyceae_X,Pyramimonadales,Pyramimonadales_X,Pyramimonadaceae,Pyramimonas,Pyramimonas parkeae
402295213e3c208f3e7e2c58c483a678,Eukaryota,Hacrobia,Haptophyta,Prymnesiophyceae,,,,,,
cc2c1003c848483b6e6c8833d33fc4b9,Eukaryota,Stramenopiles,Ochrophyta,Bacillariophyta,Coscinodiscophyceae,Chaetocerotales,Chaetocerotales,Chaetocerotaceae,Chaetoceros,Chaetoceros sp.
e2d153b5f1b7d29e854ec028f35494e1,Eukaryota,Hacrobia,Haptophyta,Prymnesiophyceae,Prymnesiophyceae_X,Prymnesiales,Prymnesiales_X,Prymnesiaceae,Prymnesium,Prymnesium polylepis
ba0c7217f76e3218a8425f25c6f8e595,Eukaryota,Hacrobia,Haptophyta,Prymnesiophyceae,Prymnesiophyceae_X,Prymnesiales,Prymnesiales_X,Prymnesiaceae,,
1e431d67b18ee5057bbb776f4ee15334,Eukaryota,Stramenopiles,Ochrophyta,Bacillariophyta,Bacillariophyceae,,,,,
14fbbc907fd1f12afac003d74ca6cea6,Eukaryota,Hacrobia,Cryptophyta,Cryptophyceae,Cryptophyceae_X,Pyrenomonadales,Pyrenomonadales_X,Geminigeraceae,Teleaulax,Teleaulax amphioxeia
48ee52ab599d40c06a0c2f082b686114,Eukaryota,Stramenopiles,Ochrophyta,Bacillariophyta,Coscinodiscophyceae,Thalassiosirales,Thalassiosirales_X,,,
d8cbb93f7eb65d292aa9abdf5e7b4dc8,Eukaryota,Stramenopiles,Ochrophyta,Bacillariophyta,Coscinodiscophyceae,Thalassiosirales,Thalassiosirales_X,,,
f61b60d2408c653a19c8fe8c7d80ff27,Eukaryota,Stramenopiles,Ochrophyta,Bacillariophyta,Coscinodiscophyceae,,,,,
72fff406ce8f5ced535e5d04ff6f9a38,Eukaryota,Archaeplastida,Chlorophyta,Mamiellophyceae,Mamiellophyceae_X,Dolichomastigales,Dolichomastigales_X,Dolichomastigaceae,Crustomastix,Crustomastix stigmatica
422bf98fa743c1f002c003a540384b64,Eukaryota,Archaeplastida,Chlorophyta,Mamiellophyceae,Mamiellophyceae_X,Mamiellales,Mamiellales_X,Mamiellaceae,Micromonas,Micromonas pusilla
d269ae9b3622de022cae10aa527d4101,Eukaryota,Stramenopiles,Ochrophyta,Chrysophyceae,Chrysophyceae_X,Chromulinales,Chromulinales_X,Chromulinaceae,Ochromonas,Ochromonas sp.
da9a15ef46dfa3a56d0a9facd6121d17,Eukaryota,Stramenopiles,Ochrophyta,Dictyochophyceae,Dictyochophyceae_X,Pedinellales,Pedinellales_X,Pedinellales_XX,Pedinella,Pedinella sp.
bfe63d3738f564997dccdf7d77ffb9c6,Eukaryota,Hacrobia,Cryptophyta,Cryptophyceae,Cryptophyceae_X,Pyrenomonadales,Pyrenomonadales_X,Chroomonadaceae,,
42e24496f1f1c1a77582994a4f8d10f0,Eukaryota,Stramenopiles,Ochrophyta,Chrysophyceae,Chrysophyceae_X,Chromulinales,Chromulinales_X,Chromulinaceae,Ochromonas,Ochromonas sp.
8fa9c6f2251bd36fc530d9fa7d5038fe,Eukaryota,Stramenopiles,Ochrophyta,Bacillariophyta,Bacillariophyceae,Bacillariales,Bacillariales_X,Bacillariaceae,Fragilariopsis,Fragilariopsis cylindrus
700dc78c4c66824e146d90945c689870,Eukaryota,Stramenopiles,Ochrophyta,Chrysophyceae,Chrysophyceae_X,Chromulinales,Chromulinales_X,Chromulinaceae,Ochromonas,Ochromonas sp.
9333dac9f93c4db329b488f65fc3f0cb,Eukaryota,Stramenopiles,Ochrophyta,Bacillariophyta,Coscinodiscophyceae,Thalassiosirales,Thalassiosirales_X,,,
f8c26fffada8b02b2813a0ce85e4dc46,Eukaryota,Stramenopiles,Ochrophyta,Bacillariophyta,Coscinodiscophyceae,Thalassiosirales,Thalassiosirales_X,,,
3101a715acdda4f470a99619b4493175,Eukaryota,Stramenopiles,Ochrophyta,Chrysophyceae,Chrysophyceae_X,Chromulinales,Chromulinales_X,Chromulinaceae,Ochromonas,Ochromonas sp.
964c0159ec0b658c7c089068c6a49869,Eukaryota,Stramenopiles,Ochrophyta,Pelagophyceae,Pelagophyceae_X,Sarcinochrysidales,SarcinochrysidaleX,Sarcinochrysidaceae,Ankylochrysis,Ankylochrysis lutea
4177a2239ac965a57528bd666a36eeca,Eukaryota,Stramenopiles,Ochrophyta,Bacillariophyta,Coscinodiscophyceae,Rhizosoleniales,Rhizosoleniales_X,Rhizosoleniaceae,Proboscia,
06121de1ebe8e20dde086dac6ced87b1,Eukaryota,Stramenopiles,Ochrophyta,Bacillariophyta,,,,,,
bf67fe24a5fdab9174d2635f0d2c07d8,Eukaryota,Archaeplastida,Chlorophyta,Prasinophyceae,Prasinophyceae_X,Pyramimonadales,Pyramimonadales_X,Pyramimonadaceae,,
640c890ee645c2e1bcf1d7f1bacb7a8f,Eukaryota,,,,,,,,,
4c1abfef7da092db4aa8f8883e2399dc,Eukaryota,Stramenopiles,Ochrophyta,Bacillariophyta,Bacillariophyceae,,,,,
b93fb4596e370b911b64044fcd898aa9,Eukaryota,Stramenopiles,Ochrophyta,Chrysophyceae,Chrysophyceae_X,Chromulinales,Chromulinales_X,Chromulinaceae,Ochromonas,Ochromonas sp.
efbf7421933d51daba54bca99abddcc9,Eukaryota,Stramenopiles,Ochrophyta,Chrysophyceae,Chrysophyceae_X,Chromulinales,Chromulinales_X,Chromulinaceae,Ochromonas,Ochromonas sp.
cfeefe59744166146ac23adc67ad3825,Eukaryota,Stramenopiles,Ochrophyta,Dictyochophyceae,Dictyochophyceae_X,Pedinellales,Pedinellales_X,Pedinellales_XX,Pedinella,Pedinella sp.
e8321483aa547b98048e6c3956d14390,Eukaryota,Stramenopiles,Ochrophyta,Bacillariophyta,Coscinodiscophyceae,Thalassiosirales,Thalassiosirales_X,,,
2ba8f09649a923b5566c23a5ce619083,Eukaryota,Hacrobia,Cryptophyta,Cryptophyceae,Cryptophyceae_X,Pyrenomonadales,Pyrenomonadales_X,Chroomonadaceae,Chroomonas,
f7bba033ae6cb2c59cdd6e58f05a548b,Eukaryota,Archaeplastida,Chlorophyta,Chlorophyceae,Chlorophyceae_X,Chlamydomonadales,Chlamydomonadales_X,Chlorococcaceae,Oophila,Oophila amblystomatis
623519170ecdea6b463a7d3ed84f3b44,Eukaryota,Stramenopiles,Ochrophyta,Bacillariophyta,Coscinodiscophyceae,Chaetocerotales,,,,
bdf9d041c19c887958273d372115b466,Eukaryota,Archaeplastida,Chlorophyta,Chlorophyceae,Chlorophyceae_X,Chlamydomonadales,Chlamydomonadales_X,Chlorococcaceae,Oophila,Oophila amblystomatis
dda88c69c6230eb4d9560c63d17ecc4c,Eukaryota,Stramenopiles,Ochrophyta,,,,,,,
ec47a0e149becc221c1ebc35e349b318,Eukaryota,Stramenopiles,Ochrophyta,Bacillariophyta,,,,,,
e6e9954bb5f30a9595228fb47704fd0c,Eukaryota,Hacrobia,Haptophyta,Prymnesiophyceae,Prymnesiophyceae_X,Prymnesiales,Prymnesiales_X,Chrysochromulinaceae,Chrysochromulina,Chrysochromulina camella
9fd7d04ac03b3da67c187efbc64a853a,Eukaryota,Stramenopiles,Ochrophyta,Bacillariophyta,Bacillariophyceae,,,,,
a21b6804422045678026afd08275f1a6,Eukaryota,Archaeplastida,Chlorophyta,Prasinophyceae,Prasinophyceae_X,Pseudoscourfieldiales-clade-6,Pseudoscourfieldiales_X,Pycnococcaceae,Prasinoderma_clade-6,Prasinoderma coloniale
e7b777044e9522cc1e2ea75b889436b3,Eukaryota,Stramenopiles,Ochrophyta,Dictyochophyceae,Dictyochophyceae_X,Pedinellales,Pedinellales_X,Pedinellales_XX,Pedinella,Pedinella sp.
5e3ba084d39f466ee568c4b71bcf061f,Eukaryota,Archaeplastida,Chlorophyta,Prasinophyceae,Prasinophyceae_X,Pyramimonadales,Pyramimonadales_X,Pyramimonadaceae,Pyramimonas,Pyramimonas parkeae
f99ca216e9bce5dbc701eed0809dd29d,Eukaryota,Stramenopiles,Ochrophyta,Bacillariophyta,Bacillariophyceae,Cymbellales,Cymbellales_X,Cymbellaceae,,
b5a81f34a59123f5f9ca82650b7f1470,Eukaryota,Stramenopiles,Ochrophyta,Phaeophyceae,Phaeophyceae_X,Ectocarpales,Ectocarpales_X,Ectocarpaceae,Ectocarpus,Ectocarpus siliculosus
ee827e08913097d002fd48922158ef97,Eukaryota,Stramenopiles,Ochrophyta,Bacillariophyta,Coscinodiscophyceae,Chaetocerotales,Chaetocerotales_X,Attheyaceae,Attheya,Attheya septentrionalis
0743e7ae1c16f26155b6710e0c5a6b46,Eukaryota,Stramenopiles,Ochrophyta,Bacillariophyta,Bacillariophyceae,Cymbellales,Cymbellales_X,Cymbellaceae,,
4ed87157bf78728b71ab7ba73a54e80c,Eukaryota,,,,,,,,,
17d608fa4efc4b0142f3f57316b9347b,Eukaryota,Stramenopiles,Ochrophyta,Bacillariophyta,Coscinodiscophyceae,Thalassiosirales,Thalassiosirales_X,,,
32e82c106f448f6c0f39aa34415f98bd,Eukaryota,Stramenopiles,Ochrophyta,Dictyochophyceae,Dictyochophyceae_X,Pedinellales,Pedinellales_X,Pedinellales_XX,Pedinella,Pedinella sp.
22decf03992a8bdd60984b6ac184d54b,Eukaryota,Stramenopiles,Ochrophyta,Bacillariophyta,,,,,,
96756d0508e31470dc43a004927e812d,Eukaryota,Archaeplastida,Chlorophyta,Prasinophyceae,Prasinophyceae_X,Pyramimonadales,Pyramimonadales_X,Pyramimonadaceae,Cymbomonas,Cymbomonas tetramitiformis
f77628c50055e2eef37ba0a5c86edcdc,Eukaryota,Stramenopiles,Ochrophyta,Chrysophyceae,Chrysophyceae_X,Chromulinales,Chromulinales_X,Chromulinaceae,Ochromonas,
b57b8d96836747ebf05eaee856c346fb,Eukaryota,Stramenopiles,Ochrophyta,Chrysophyceae,Chrysophyceae_X,Chromulinales,Chromulinales_X,Chromulinaceae,Ochromonas,
7d525657a44520f1716aab1f9b8b4c1e,Eukaryota,Stramenopiles,Ochrophyta,Bacillariophyta,,,,,,
6a8fcd716c6ba0fa4d2b6efda243b7a9,Eukaryota,Stramenopiles,Ochrophyta,Dictyochophyceae,Dictyochophyceae_X,Pedinellales,Pedinellales_X,Pedinellales_XX,Pedinella,Pedinella sp.
af028a4aa7cefb43dbff1eafb24a4b34,Eukaryota,Stramenopiles,Ochrophyta,Chrysophyceae,Chrysophyceae_X,Chromulinales,Chromulinales_X,Chromulinaceae,Ochromonas,Ochromonas sp.
93ef53aa81cd9fcb71179d4eaf1347b8,Eukaryota,Stramenopiles,Ochrophyta,Bacillariophyta,,,,,,
37b20f8b94424bd83b8ccf5c9aaf675a,Eukaryota,Stramenopiles,Ochrophyta,Bolidophyceae,Bolidophyceae_X,Bolidomonadales,Bolidomonadales_X,Bolidomonadaceae,Bolidomonas,Bolidomonas mediterranea
6061919dc53f51e347d372a1af074df3,Eukaryota,Hacrobia,Haptophyta,Prymnesiophyceae,Prymnesiophyceae_X,Prymnesiales,Prymnesiales_X,Chrysochromulinaceae,Chrysochromulina,Chrysochromulina sp.
5fbf03ff4ed851d895edfe33f225e689,Eukaryota,Archaeplastida,Chlorophyta,Chlorophyceae,Chlorophyceae_X,Chlamydomonadales,Chlamydomonadales_X,Chlorococcaceae,Oophila,Oophila amblystomatis
651c74eb2f9623d7292d9f22668cc1e0,Eukaryota,Stramenopiles,Ochrophyta,Bacillariophyta,Coscinodiscophyceae,,,,,
b273ca1dbce489a0322392c420b6be6d,Eukaryota,Stramenopiles,Ochrophyta,Bacillariophyta,Coscinodiscophyceae,,,,,
165fe4a6301cbc7d4a2ba0a62915de4e,Eukaryota,Archaeplastida,Chlorophyta,Chlorophyceae,Chlorophyceae_X,Chlamydomonadales,Chlamydomonadales_X,,,
273fd413104816366d399424cf896362,Eukaryota,Stramenopiles,Ochrophyta,Dictyochophyceae,Dictyochophyceae_X,Pedinellales,Pedinellales_X,Pedinellales_XX,Pedinella,Pedinella sp.
ee6f65e673936850ee648e8da43c447c,Eukaryota,Stramenopiles,Ochrophyta,Bacillariophyta,Bacillariophyceae,,,,,
6cdf953391fd31ebfdfda9874003165a,Eukaryota,Hacrobia,Haptophyta,Prymnesiophyceae,Prymnesiophyceae_X,Prymnesiales,Prymnesiales_X,Prymnesiaceae,Haptolina,Haptolina ericina
9941745754cab7ac0eddda90cf9b27b0,Eukaryota,Stramenopiles,Ochrophyta,Bacillariophyta,Bacillariophyceae,,,,,
628a787dea7d8fcce4b6a99b67667647,Eukaryota,Stramenopiles,Ochrophyta,Chrysophyceae,Chrysophyceae_X,Chromulinales,Chromulinales_X,Chromulinaceae,Ochromonas,
3822355662ff208783eced03984161af,Eukaryota,Stramenopiles,Ochrophyta,Chrysophyceae,Chrysophyceae_X,Chromulinales,Chromulinales_X,Chromulinaceae,Ochromonas,
5bab6f634f41566f61ee8fb9f1d74a1e,Eukaryota,Stramenopiles,Ochrophyta,Dictyochophyceae,Dictyochophyceae_X,Pedinellales,Pedinellales_X,Pedinellales_XX,Pedinella,Pedinella sp.
45a00efd79f049a55497c52cebddd957,Eukaryota,Stramenopiles,Ochrophyta,Chrysophyceae,Chrysophyceae_X,Chromulinales,Chromulinales_X,Chromulinaceae,Ochromonas,Ochromonas sp.
fe5901ad3b6a9f0f73a167f2c3fb70bd,Eukaryota,Stramenopiles,Ochrophyta,Dictyochophyceae,Dictyochophyceae_X,Pedinellales,Pedinellales_X,Pedinellales_XX,Pedinella,Pedinella sp.
ee9f497c3794512dfb2cf938260eb0e2,Eukaryota,Archaeplastida,Chlorophyta,Chlorophyceae,Chlorophyceae_X,Chlamydomonadales,Chlamydomonadales_X,,,
63df205adac47749da389eec213a5596,Eukaryota,Stramenopiles,Ochrophyta,Bacillariophyta,Coscinodiscophyceae,Thalassiosirales,Thalassiosirales_X,,,
f45e3fe18a44f83eb65446056c6df23e,Eukaryota,Stramenopiles,Ochrophyta,Bacillariophyta,Coscinodiscophyceae,Chaetocerotales,,,,
09c1ddfd2b3bb67755bff5faea6942da,Eukaryota,Hacrobia,Haptophyta,Prymnesiophyceae,Prymnesiophyceae_X,Prymnesiales,Prymnesiales_X,Prymnesiaceae,Imantonia,Imantonia rotunda
4be306473061d38b537f990989eb2a0d,Eukaryota,Stramenopiles,Ochrophyta,Bacillariophyta,Bacillariophyceae,,,,,
be95a4992b800fd46e7bd02064ebbe04,Eukaryota,Archaeplastida,Chlorophyta,Prasinophyceae,Prasinophyceae_X,Pyramimonadales,Pyramimonadales_X,Pyramimonadaceae,Pyramimonas,Pyramimonas disomata
f0b4b733b938b43ad33ad9a87dc04cce,Eukaryota,Hacrobia,Haptophyta,Prymnesiophyceae,Prymnesiophyceae_X,Prymnesiales,Prymnesiales_X,,,
3c2f9243e7bf57c2b1aff7e950b7d09c,Eukaryota,Stramenopiles,Ochrophyta,Bacillariophyta,,,,,,
ef04f64d3f06f3b251bbf61d58f09e2f,Eukaryota,Stramenopiles,Ochrophyta,Bacillariophyta,Coscinodiscophyceae,Chaetocerotales,Chaetocerotales,Chaetocerotaceae,Chaetoceros,Chaetoceros sp.
d9915b27998919a6566762df39e9b7f4,Eukaryota,Stramenopiles,Ochrophyta,Bacillariophyta,Bacillariophyceae,,,,,
a2328e83e09810eb0d7600de8a2063d5,Eukaryota,Hacrobia,Haptophyta,Prymnesiophyceae,Prymnesiophyceae_X,Prymnesiales,Prymnesiales_X,Prymnesiaceae,Imantonia,Imantonia rotunda
0ffff10a813f477447ff233396115b90,Eukaryota,Stramenopiles,Ochrophyta,Bacillariophyta,,,,,,
3d96474eb24d3bcf7bf663167a5fff7e,Eukaryota,Stramenopiles,Ochrophyta,Bacillariophyta,Bacillariophyceae,,,,,
96e5dd66736333d5a0bf8c60e1681544,Eukaryota,Archaeplastida,Chlorophyta,Prasinophyceae,Prasinophyceae_X,Pyramimonadales,Pyramimonadales_X,Pyramimonadaceae,Pyramimonas,Pyramimonas sp.
8b6cdd715414c72f90c15c64a5eeb45b,Eukaryota,Stramenopiles,Ochrophyta,Chrysophyceae,Chrysophyceae_X,Chromulinales,Chromulinales_X,Chromulinaceae,Ochromonas,
a601df9ab0441a209739026252b743c8,Eukaryota,Stramenopiles,Ochrophyta,Chrysophyceae,Chrysophyceae_X,Chromulinales,Chromulinales_X,Chromulinaceae,Ochromonas,Ochromonas sp.
4d48998625241e71b2847301d1c6a2fc,Eukaryota,Stramenopiles,Ochrophyta,Bacillariophyta,,,,,,
82ed744b64150e184c28ed32e767830b,Eukaryota,Hacrobia,Haptophyta,Prymnesiophyceae,Prymnesiophyceae_X,Prymnesiales,Prymnesiales_X,Chrysochromulinaceae,Chrysochromulina,Chrysochromulina camella
4d1adf0b9165b5c864c64f8d62b2c189,Eukaryota,Archaeplastida,,,,,,,,
5b87848530d32a65c27db0c3c0e091f6,Eukaryota,Stramenopiles,Ochrophyta,Bacillariophyta,,,,,,
271cf9c87fd95fc697415b2ab43f52c2,Eukaryota,Stramenopiles,Ochrophyta,Bacillariophyta,Coscinodiscophyceae,Chaetocerotales,,,,
fb81ff1aa97c219660b558e4e09f60cc,Eukaryota,Hacrobia,Haptophyta,Prymnesiophyceae,Prymnesiophyceae_X,Prymnesiales,Prymnesiales_X,Prymnesiaceae,Imantonia,Imantonia rotunda
288e8c56736ec256545392e58422ce16,Eukaryota,Hacrobia,Haptophyta,Prymnesiophyceae,Prymnesiophyceae_X,Prymnesiales,Prymnesiales_X,Chrysochromulinaceae,Chrysochromulina,Chrysochromulina sp.
cc8e46aa9bc4b93c3b8bacf1af07195c,Eukaryota,Stramenopiles,Ochrophyta,Chrysophyceae,Chrysophyceae_X,Chromulinales,Chromulinales_X,Chromulinaceae,Ochromonas,Ochromonas distigma
e7f072cdfae56534dc33c3eba48da627,Eukaryota,Stramenopiles,Ochrophyta,Dictyochophyceae,Dictyochophyceae_X,Pedinellales,Pedinellales_X,Pedinellales_XX,Pedinella,Pedinella sp.
6f5aab2215aa92ccc22d077e9c19c6b0,Eukaryota,Stramenopiles,Ochrophyta,Bacillariophyta,Bacillariophyceae,,,,,
97e25073ae56ea3295d32e0f36b662b3,Eukaryota,,,,,,,,,
fb1b0475cfebe20db31f09f8637bfc88,Eukaryota,Stramenopiles,Ochrophyta,Bacillariophyta,Coscinodiscophyceae,Thalassiosirales,Thalassiosirales_X,,,
75d0a082cbe98f8ebe83f5f98e7e43d9,Eukaryota,Hacrobia,Haptophyta,Prymnesiophyceae,,,,,,
b0a70eca9d3f247856f11732d3e1444f,Eukaryota,Hacrobia,Haptophyta,Prymnesiophyceae,Prymnesiophyceae_X,Prymnesiales,Prymnesiales_X,Prymnesiaceae,,
08630dfd4c00b55c77c883187a38c531,Eukaryota,Stramenopiles,Ochrophyta,Dictyochophyceae,Dictyochophyceae_X,Pedinellales,Pedinellales_X,Pedinellales_XX,Pedinella,Pedinella sp.
c17e43d30bb71a6c3d28ec63ceba0f03,Eukaryota,Stramenopiles,Ochrophyta,Chrysophyceae,Chrysophyceae_X,Chromulinales,Chromulinales_X,Chromulinaceae,Ochromonas,Ochromonas sp.
eb3430318606d9a8c0ca5f39abc13657,Eukaryota,Stramenopiles,Ochrophyta,Bacillariophyta,Coscinodiscophyceae,Chaetocerotales,Chaetocerotales,Chaetocerotaceae,Chaetoceros,Chaetoceros sp.
dbca1966c0f18358f031414002389f9a,Eukaryota,Archaeplastida,,,,,,,,
a83bf77043e937865ad1d9aaf9eb202b,Eukaryota,Archaeplastida,Chlorophyta,Prasinophyceae,Prasinophyceae_X,Pyramimonadales,Pyramimonadales_X,Pyramimonadaceae,Cymbomonas,Cymbomonas tetramitiformis
4c0276b0290b90f64b9f04fb5699ed8c,Eukaryota,Stramenopiles,Ochrophyta,Chrysophyceae,Chrysophyceae_X,Chromulinales,Chromulinales_X,Chromulinaceae,Ochromonas,Ochromonas sp.
b3b160b9a9088d3032bc86a7d437de6f,Eukaryota,Hacrobia,Rappemonad,Rappemonad_X,Rappemonad_XX,Rappemonad_XXX,Rappemonad_XXXX,Rappemonad_XXXXX,Rappemonad_XXXXXX,Rappemonad sp.
71f04b9895e5786b4988f71f7e7b0af9,Eukaryota,Stramenopiles,Ochrophyta,Bacillariophyta,Bacillariophyceae,,,,,
81c402d69da71de120d5e87f26b986f2,Eukaryota,Stramenopiles,Ochrophyta,Bacillariophyta,,,,,,
6f83260720e05b1479a3b7d6b3351e21,Eukaryota,Hacrobia,Cryptophyta,Cryptophyceae,Cryptophyceae_X,Pyrenomonadales,Pyrenomonadales_X,Geminigeraceae,,
8d9ac46c8edd0fddcfb7a0e83a514b9d,Eukaryota,Stramenopiles,Ochrophyta,Chrysophyceae,Chrysophyceae_X,Chromulinales,Chromulinales_X,Chromulinaceae,Ochromonas,Ochromonas sp.
c18d9ebf4e4c08760b7070413cc51e37,Eukaryota,Stramenopiles,Ochrophyta,Chrysophyceae,Chrysophyceae_X,Chromulinales,Chromulinales_X,Chromulinaceae,Ochromonas,Ochromonas sp.
adc7dbf7b30b3eb8efc4764438504cff,Eukaryota,Hacrobia,Haptophyta,Prymnesiophyceae,Prymnesiophyceae_X,Prymnesiales,Prymnesiales_X,Chrysochromulinaceae,Chrysochromulina,
f8399f32e8dfcdc23f00ca51baf5465f,Eukaryota,Stramenopiles,Ochrophyta,Bacillariophyta,Coscinodiscophyceae,Thalassiosirales,Thalassiosirales_X,,,
80ddfc0378a48654e3eeff9413f628b8,Eukaryota,Archaeplastida,Chlorophyta,Prasinophyceae,Prasinophyceae_X,Pyramimonadales,Pyramimonadales_X,Pyramimonadaceae,Pyramimonas,Pyramimonas sp.
12f56aa8a89a24e154e4c8aca1409fb1,Eukaryota,Stramenopiles,Ochrophyta,Chrysophyceae,Chrysophyceae_X,Chromulinales,Chromulinales_X,Chromulinaceae,Ochromonas,
68e2ae1f098b144e997dc31c34b0a612,Eukaryota,Stramenopiles,Ochrophyta,Chrysophyceae,Chrysophyceae_X,Chromulinales,Chromulinales_X,Chromulinaceae,Ochromonas,Ochromonas distigma
e5bece6c4bb76dfcc07913489aad53c6,Eukaryota,Archaeplastida,Chlorophyta,Prasinophyceae,Prasinophyceae_X,Pseudoscourfieldiales-clade-6,Pseudoscourfieldiales_X,Pycnococcaceae,Prasinoderma_clade-6,Prasinoderma coloniale
92e16f8b5fae411893315f7b82e34267,Eukaryota,Stramenopiles,Ochrophyta,Bacillariophyta,Bacillariophyta_X,Chaetocerotales,Chaetocerotales_X,Chaetocerotaceae,Chaetoceros,Chaetoceros granifera
320edd4ff4eee3713639b2142057891d,Eukaryota,Stramenopiles,Ochrophyta,Bacillariophyta,,,,,,
03021f079ffff6e11fec3521be28e4a3,Eukaryota,Stramenopiles,Ochrophyta,Chrysophyceae,Chrysophyceae_X,Chromulinales,Chromulinales_X,Chromulinaceae,Ochromonas,Ochromonas sp.
60d60e5e78d00edbe7f4760305f90f2f,Eukaryota,Hacrobia,Cryptophyta,Cryptophyceae,Cryptophyceae_X,Pyrenomonadales,Pyrenomonadales_X,Pyrenomonadaceae,Rhodomonas,Rhodomonas sp.
3c26e897534d7907fcd96a99dc434ce4,Eukaryota,Stramenopiles,Ochrophyta,Bacillariophyta,Coscinodiscophyceae,,,,,
f70635eb2aac104a9ad2e046f433d338,Eukaryota,Archaeplastida,Chlorophyta,Mamiellophyceae,Mamiellophyceae_X,Mamiellales,Mamiellales_X,Mamiellaceae,Micromonas,
3853362160d27b68c3dc15698b2435cd,Eukaryota,Stramenopiles,Ochrophyta,Bacillariophyta,Coscinodiscophyceae,Cymatosirales,Cymatosirales_X,Cymatosiraceae,,
e7bbc9fa94b04f98f24650745c7c4382,Eukaryota,Stramenopiles,Ochrophyta,Bacillariophyta,Bacillariophyceae,,,,,
b689cd4620768a75033e07fad9225fa4,Eukaryota,Archaeplastida,Chlorophyta,Mamiellophyceae,Mamiellophyceae_X,Mamiellales,Mamiellales_X,Mamiellaceae,Mamiella,Mamiella sp.
2848ad114e3bd7ce5f3d473c492aa5d3,Eukaryota,Archaeplastida,Chlorophyta,Trebouxiophyceae,Trebouxiophyceae_X,Prasiolales,Prasiolales_X,Koliellaceae,Koliella,Koliella longiseta
b0c1a68a3b851d29256af2233078c9c3,Eukaryota,Stramenopiles,Ochrophyta,Bacillariophyta,Bacillariophyceae,,,,,
b838fe7cc0c62a05c0992ace305a651e,Eukaryota,Stramenopiles,Ochrophyta,Bacillariophyta,,,,,,
75e02522da86061ee1910cba0bbe022c,Eukaryota,Hacrobia,Cryptophyta,Cryptophyceae,Cryptophyceae_X,Pyrenomonadales,Pyrenomonadales_X,Chroomonadaceae,,
d4d6787d12fdf393b15f4fc07ee1df1a,Eukaryota,Stramenopiles,Ochrophyta,Bacillariophyta,,,,,,
fd5ae67ef8d6f24840d9da6aec59695c,Eukaryota,Stramenopiles,Ochrophyta,Phaeophyceae,Xanthophyceae_X,Vaucheriales,Vaucheriales_X,Vaucheriaceae,Vaucheria,Vaucheria litorea
5e6311e4012f36b9e4c24844685ac10b,Eukaryota,Stramenopiles,Ochrophyta,Chrysophyceae,Chrysophyceae_X,Chromulinales,Chromulinales_X,Chromulinaceae,Ochromonas,
756f4ca143231c8b521a9e5461f294f4,Eukaryota,Stramenopiles,Ochrophyta,Bacillariophyta,Bacillariophyceae,,,,,
20d8e44e504d93f18237b12f3063ef84,Eukaryota,Stramenopiles,Ochrophyta,Bacillariophyta,Coscinodiscophyceae,Thalassiosirales,Thalassiosirales_X,,,
b7c4435203d8c10e6ee27fcc66b9c592,Eukaryota,Stramenopiles,Ochrophyta,Chrysophyceae,Chrysophyceae_X,Chromulinales,Chromulinales_X,Chromulinaceae,Ochromonas,
8b03cf33e94112c96c38f5c463d7a225,Eukaryota,Stramenopiles,Ochrophyta,Bacillariophyta,,,,,,
8df7aae3e7f2246cad15dea0769b51e1,Eukaryota,Excavata,Discoba,Euglenozoa,Euglenophyceae,Eutreptiales,Eutreptiales_X,Eutreptiaceae,Eutreptiella,Eutreptiella pomquetensis
ef953c88c9dc862d7a182bca611710d0,Eukaryota,Stramenopiles,Ochrophyta,Bacillariophyta,,,,,,
df24fb271cde20b371c1ef80a1ece417,Eukaryota,Stramenopiles,Ochrophyta,Chrysophyceae,Chrysophyceae_X,Chromulinales,Chromulinales_X,Chromulinaceae,Ochromonas,Ochromonas sp.
6f26e425c6021f7e779bae93ef2b8449,Eukaryota,Stramenopiles,Ochrophyta,Bacillariophyta,Coscinodiscophyceae,Thalassiosirales,Thalassiosirales_X,Thalassiosiraceae,Thalassiosira,Thalassiosira nordenskioeldii
0b73936a316bd0f8bc5d29531b7c6319,Eukaryota,Hacrobia,Cryptophyta,Cryptophyceae,Cryptophyceae_X,,,,,
ceb3863f75ebc27c79d14abc1535c11f,Eukaryota,Stramenopiles,Ochrophyta,Bacillariophyta,,,,,,
4fedaebbc122d2d41c8a9bd3c6f691de,Eukaryota,Stramenopiles,Ochrophyta,Chrysophyceae,Chrysophyceae_X,Chromulinales,Chromulinales_X,Chromulinaceae,Ochromonas,Ochromonas sp.
ab8b8c6d2a0ea910f7a9214d3bde369e,Eukaryota,Stramenopiles,Ochrophyta,Bacillariophyta,,,,,,
78360e2c386200c3d9851f772c1dd095,Eukaryota,Stramenopiles,Ochrophyta,Bacillariophyta,Bacillariophyceae,,,,,
b7e97c207065ceaacc34f9a25157d91e,Eukaryota,Excavata,Discoba,Euglenozoa,Euglenophyceae,Eutreptiales,Eutreptiales_X,Eutreptiaceae,Eutreptiella,Eutreptiella pomquetensis
c14f4fbddfbaf44009a9cad81d41585f,Eukaryota,Stramenopiles,Ochrophyta,Bacillariophyta,,,,,,
4911ffd5310ef8c6a65fbc8009a03a9e,Eukaryota,Stramenopiles,Ochrophyta,Bacillariophyta,,,,,,
8a152c27b35b5fe9c6524fd10be77791,Eukaryota,Stramenopiles,Ochrophyta,Bacillariophyta,Coscinodiscophyceae,Thalassiosirales,Thalassiosirales_X,,,
cce93ede3a2f8a483ca67a16f579674d,Eukaryota,Stramenopiles,Ochrophyta,Bacillariophyta,Coscinodiscophyceae,Chaetocerotales,,,,
e5a3033458c5c703a2b3db90ba354e78,Eukaryota,Hacrobia,Haptophyta,Prymnesiophyceae,Prymnesiophyceae_X,Prymnesiales,Prymnesiales_X,Prymnesiaceae,Imantonia,
2f08432ec6a8343a778691613713dde3,Eukaryota,Stramenopiles,Ochrophyta,Chrysophyceae,Chrysophyceae_X,Chromulinales,Chromulinales_X,Chromulinaceae,Ochromonas,Ochromonas sp.
38308053f25ea5629480870abad600dd,Eukaryota,Stramenopiles,Ochrophyta,Dictyochophyceae,Dictyochophyceae_X,Pedinellales,Pedinellales_X,Pedinellales_XX,Pedinella,Pedinella sp.
025349cd7007cd655f37c91819b98c39,Eukaryota,Stramenopiles,Ochrophyta,Chrysophyceae,Chrysophyceae_X,Chromulinales,Chromulinales_X,Chromulinaceae,Ochromonas,Ochromonas sp.
5e08bda7e52279c25b7d17433ccdd971,Eukaryota,Archaeplastida,Chlorophyta,Prasinophyceae,Prasinophyceae_X,Pseudoscourfieldiales-clade-6,Pseudoscourfieldiales_X,Pycnococcaceae,Prasinoderma_clade-6,Prasinoderma coloniale
28d93ff7f59a6279fd92a2ce6e8ef01c,Eukaryota,Stramenopiles,Ochrophyta,Dictyochophyceae,Dictyochophyceae_X,Pedinellales,Pedinellales_X,Pedinellales_XX,Pedinella,Pedinella sp.
513b6fcc2559671e8e529ed039068a13,Eukaryota,Stramenopiles,Ochrophyta,Chrysophyceae,Chrysophyceae_X,Chromulinales,Chromulinales_X,Chromulinaceae,Ochromonas,Ochromonas sp.
4e9c306983a926172846d807a9cbf852,Eukaryota,Hacrobia,Haptophyta,Prymnesiophyceae,Prymnesiophyceae_X,Prymnesiophyceae_XX,Prymnesiophycidae_XXX,Prymnesiophycidae_XXXX,S25_1200,S25_1200 sp.
34f4c7489b10926c0d969e683712f6fc,Eukaryota,Archaeplastida,Chlorophyta,Prasinophyceae,Prasinophyceae_X,Pyramimonadales,Pyramimonadales_X,Pyramimonadaceae,Cymbomonas,Cymbomonas tetramitiformis
247128d1dc17071e898cfb95952a873d,Eukaryota,Stramenopiles,Ochrophyta,Bacillariophyta,Coscinodiscophyceae,Thalassiosirales,Thalassiosirales_X,,,
76a6fe57fba9dd2fe2e29a1b8ddfe224,Eukaryota,Archaeplastida,,,,,,,,
6c9ecd6f2d2551ec4f5118c0e18ebacf,Eukaryota,Stramenopiles,Ochrophyta,Bacillariophyta,,,,,,
d929f4c63d789aef5779486c00bebd53,Eukaryota,Stramenopiles,Ochrophyta,Bacillariophyta,Bacillariophyceae,Naviculales,Naviculales_X,Naviculaceae,Navicula,Navicula sp.
430e2d7658fe0fae043c82eb1321beb4,Eukaryota,Stramenopiles,Ochrophyta,Bacillariophyta,,,,,,
7e2fb812be3763e99545f45795fcc8af,Eukaryota,Stramenopiles,Ochrophyta,Bacillariophyta,Bacillariophyceae,Cymbellales,Cymbellales_X,Cymbellaceae,,
d059a538734a7acf6e74c7add05ccdea,Eukaryota,Stramenopiles,Ochrophyta,Dictyochophyceae,Dictyochophyceae_X,Pedinellales,Pedinellales_X,Pedinellales_XX,Pedinella,Pedinella sp.
7f1627bcfc02d2dd816fd72359d3a43d,Eukaryota,Stramenopiles,Ochrophyta,Bacillariophyta,Coscinodiscophyceae,Chaetocerotales,Chaetocerotales,Chaetocerotaceae,Chaetoceros,Chaetoceros sp.
d8fa3bd14a78b6ab8967d8b720178ab0,Eukaryota,Stramenopiles,Ochrophyta,Bacillariophyta,,,,,,
390c5f58a3b8b149783ca744d37f6ebf,Eukaryota,Stramenopiles,Ochrophyta,Chrysophyceae,Chrysophyceae_X,Chromulinales,Chromulinales_X,Chromulinaceae,Ochromonas,Ochromonas distigma
76fc39e2a61d423fe0bfab295e01e114,Eukaryota,Stramenopiles,Ochrophyta,Phaeophyceae,Phaeophyceae_X,Ectocarpales,Ectocarpales_X,Ectocarpaceae,Ectocarpus,Ectocarpus siliculosus
1b78a72310c19a56de723cd54e45e3f9,Eukaryota,Archaeplastida,Chlorophyta,Prasinophyceae,Prasinophyceae_X,Pyramimonadales,Pyramimonadales_X,Pyramimonadaceae,Pyramimonas,Pyramimonas tetrarhynchus
6fc44ea03fa039c86c134087c7b01827,Eukaryota,Stramenopiles,Ochrophyta,Chrysophyceae,Chrysophyceae_X,Chromulinales,Chromulinales_X,Chromulinaceae,Ochromonas,
edc6eb32a4da37bba72d1fcbf1bf7b79,Eukaryota,Stramenopiles,Ochrophyta,Bacillariophyta,Coscinodiscophyceae,Rhizosoleniales,Rhizosoleniales_X,Rhizosoleniaceae,Rhizosolenia,Rhizosolenia setigera
19d0f50686b3e63d07b3091c992694e7,Eukaryota,Stramenopiles,Ochrophyta,Bacillariophyta,Bacillariophyceae,,,,,
6378632a390acc34a98990c3fd630935,Eukaryota,Hacrobia,Haptophyta,Prymnesiophyceae,Prymnesiales,Phaeocystales,Phaeocystales_X,Phaeocystaceae,Phaeocystis,
0e382814baef7f96e46f3afaca18c86b,Eukaryota,Stramenopiles,Ochrophyta,Bacillariophyta,,,,,,
eb9864a344ab7dfa9bf8cf7cdc5d010b,Eukaryota,Stramenopiles,Ochrophyta,Bacillariophyta,Coscinodiscophyceae,Chaetocerotales,Chaetocerotales,Chaetocerotaceae,Chaetoceros,Chaetoceros sp.
548773287408478171ec549b033821a5,Eukaryota,Stramenopiles,Ochrophyta,Bacillariophyta,Bacillariophyceae,,,,,
f89a28a4b9f7c818d90c525dc9860627,Eukaryota,Stramenopiles,Ochrophyta,Phaeophyceae,Phaeophyceae_X,Ectocarpales,Ectocarpales_X,Ectocarpaceae,Ectocarpus,Ectocarpus siliculosus
9811ca14d7a567ca001b0abe40d2a310,Eukaryota,Stramenopiles,Ochrophyta,Bacillariophyta,,,,,,
c0d2e7c95eae33acfd7aad9165b6989b,Eukaryota,Stramenopiles,Ochrophyta,,,,,,,
9d9f622c28cb03c92da4306a5d52220e,Eukaryota,Stramenopiles,Ochrophyta,Bacillariophyta,Bacillariophyceae,Cymbellales,Cymbellales_X,Cymbellaceae,,
5fa8ea0f52f8c6767d1a07777ce186ba,Eukaryota,Stramenopiles,Ochrophyta,Chrysophyceae,Chrysophyceae_X,Chromulinales,Chromulinales_X,Chromulinaceae,Ochromonas,
8b99a52fcb5747c857077025f3a9efe9,Eukaryota,Hacrobia,Haptophyta,Prymnesiophyceae,Prymnesiophyceae_X,Prymnesiales,Prymnesiales_X,,,
0697f97794f3a080a644cc4c58fea2d9,Eukaryota,Stramenopiles,Ochrophyta,Bacillariophyta,,,,,,
f0a167ec838ca8f9c4b8423d168f8796,Eukaryota,Stramenopiles,Ochrophyta,Bacillariophyta,Coscinodiscophyceae,,,,,
878a0f022acbd3a4183d6edb604dd294,Eukaryota,Stramenopiles,Ochrophyta,Bacillariophyta,Bacillariophyta_X,Chaetocerotales,Chaetocerotales_X,Chaetocerotaceae,Chaetoceros,Chaetoceros granifera
2f5aa72df391f52ec413e475e57ff780,Eukaryota,Stramenopiles,Ochrophyta,Bacillariophyta,Coscinodiscophyceae,Thalassiosirales,Thalassiosirales_X,,,
1b0fd874198f0a4913556f46bfd96a93,Eukaryota,Stramenopiles,Ochrophyta,Bacillariophyta,Coscinodiscophyceae,Thalassiosirales,Thalassiosirales_X,Thalassiosiraceae,Thalassiosira,Thalassiosira pseudonana
d6dd675e7e74af033f80f71658f13cb5,Eukaryota,Stramenopiles,Ochrophyta,Bacillariophyta,,,,,,
07606aa3ba91104ba964a4010e370fbc,Eukaryota,Archaeplastida,Chlorophyta,Mamiellophyceae,Mamiellophyceae_X,Mamiellales,Mamiellales_X,Mamiellaceae,Micromonas,
4a683910f4961f5a8153e244fd1ccdef,Eukaryota,Hacrobia,Haptophyta,Prymnesiophyceae,Prymnesiophyceae_X,Prymnesiales,Prymnesiales_X,Prymnesiaceae,Imantonia,Imantonia rotunda
28ea3742fa2140de4a7b23c2e827acfd,Eukaryota,Hacrobia,Haptophyta,Prymnesiophyceae,Prymnesiophyceae_X,Phaeocystales,Phaeocystales_X,Phaeocystaceae,Phaeocystis,Phaeocystis sp.
f49d3e784d2c04b560ba6671f5008cb1,Eukaryota,Stramenopiles,Ochrophyta,Bacillariophyta,,,,,,
c1268422ff1f749d2f1c4ea29d6318f3,Eukaryota,Stramenopiles,Ochrophyta,Bacillariophyta,Coscinodiscophyceae,,,,,
89854ec7be860234e1772ef0d0a27a7d,Eukaryota,Stramenopiles,Ochrophyta,Bacillariophyta,Bacillariophyceae,,,,,
07abf01d6f61c44860fe6521e0d5fc73,Eukaryota,Hacrobia,Cryptophyta,Cryptophyceae,Cryptophyceae_X,Pyrenomonadales,Pyrenomonadales_X,Geminigeraceae,,
179b2789322d7ec584347cf26eb29e5c,Eukaryota,Stramenopiles,Ochrophyta,,,,,,,
1676dbefe8693659d685aeb8b62d75b9,Eukaryota,Stramenopiles,Ochrophyta,Bacillariophyta,Bacillariophyceae,,,,,
70430b8386ae67805686987dec53852b,Eukaryota,Stramenopiles,Ochrophyta,Dictyochophyceae,Dictyochophyceae_X,Pedinellales,Pedinellales_X,Pedinellales_XX,Pedinella,Pedinella sp.
a5749f1a96beb0f38e2dd8b0c28086ef,Eukaryota,Stramenopiles,Ochrophyta,Dictyochophyceae,Dictyochophyceae_X,Florenciellales,Florenciellales_X,Florenciellales_XX,Florenciella,
650a04756cb3ae98a34a0121c7a3887d,Eukaryota,Archaeplastida,Chlorophyta,Chlorophyceae,Chlorophyceae_X,Chlamydomonadales,Chlamydomonadales_X,Chlorococcaceae,Oophila,Oophila amblystomatis
a5d91a96b58b0089389353f9efb62adc,Eukaryota,Archaeplastida,,,,,,,,
e616e6429fd4dd63a4c30b45353ce8e3,Eukaryota,Stramenopiles,Ochrophyta,Bacillariophyta,Coscinodiscophyceae,Chaetocerotales,Chaetocerotales,Chaetocerotaceae,Chaetoceros,Chaetoceros sp.
e42c1bdd81cee9cfd9f3cc9a3623b866,Eukaryota,Stramenopiles,Ochrophyta,,,,,,,
7b667f518d98e549ac321a8b4e142c71,Eukaryota,Hacrobia,Haptophyta,Prymnesiophyceae,Prymnesiophyceae_X,Phaeocystales,Phaeocystales_X,Phaeocystaceae,Phaeocystis,
d939a7415c10cf815c1a3de4f5a5cdb0,Eukaryota,Stramenopiles,Ochrophyta,Pelagophyceae,Pelagophyceae_X,Sarcinochrysidales,SarcinochrysidaleX,Sarcinochrysidaceae,Aureoumbra,Aureoumbra lagunensis
0ed38514f7175cb5becc748d206872a0,Eukaryota,Archaeplastida,Chlorophyta,Prasinophyceae,Prasinophyceae_X,Pyramimonadales,Pyramimonadales_X,Pyramimonadaceae,Cymbomonas,Cymbomonas tetramitiformis
b97c451887c5727cea935538f4363ea6,Eukaryota,Stramenopiles,Ochrophyta,Bacillariophyta,Coscinodiscophyceae,Chaetocerotales,Chaetocerotales,Chaetocerotaceae,Chaetoceros,Chaetoceros sp.
a2222064df8cd56d2e2d59b1565a6630,Eukaryota,Stramenopiles,Ochrophyta,Chrysophyceae,Chrysophyceae_X,Chromulinales,Chromulinales_X,Chromulinaceae,Ochromonas,Ochromonas sp.
d480dd872a79c87aad8a4d8dc011c782,Eukaryota,Hacrobia,Cryptophyta,Cryptophyceae,Cryptophyceae_X,Pyrenomonadales,Pyrenomonadales_X,Geminigeraceae,,
5a58150f44dcb7e2c615622eaca9addf,Eukaryota,Stramenopiles,Ochrophyta,Dictyochophyceae,Dictyochophyceae_X,Pedinellales,Pedinellales_X,Pedinellales_XX,Pedinella,Pedinella sp.
d3b09e719aa99b70e17133b6ea4b45f3,Eukaryota,Stramenopiles,Ochrophyta,Bacillariophyta,Coscinodiscophyceae,Thalassiosirales,Thalassiosirales_X,,,
2e4f43b64c9507a2e4f7074a54e4bf79,Eukaryota,Stramenopiles,Ochrophyta,Bacillariophyta,Coscinodiscophyceae,Rhizosoleniales,Rhizosoleniales_X,Rhizosoleniaceae,Rhizosolenia,Rhizosolenia setigera
19a147ebf2d6b562be3e657b17b4d7e4,Eukaryota,Stramenopiles,Ochrophyta,Bacillariophyta,Coscinodiscophyceae,Thalassiosirales,Thalassiosirales_X,,,
f4dadd02ea533d8271f08e85401ff2f1,Eukaryota,Stramenopiles,Ochrophyta,Chrysophyceae,Chrysophyceae_X,Chromulinales,Chromulinales_X,Chromulinaceae,Ochromonas,Ochromonas distigma
865c298450c4df347d23b7c48a638dc2,Eukaryota,Hacrobia,Haptophyta,Prymnesiophyceae,Prymnesiophyceae_X,Prymnesiales,Prymnesiales_X,Prymnesiaceae,Imantonia,Imantonia rotunda
579aebda088250d7adc3fd11e8578476,Eukaryota,Stramenopiles,Ochrophyta,Bacillariophyta,,,,,,
16dbe68d95519b25d524ede2ff4f236f,Eukaryota,Archaeplastida,Chlorophyta,Chlorophyceae,Chlorophyceae_X,Chlamydomonadales,Chlamydomonadales_X,,,
1de3b3e97f51f3a2debebc8b5f275402,Eukaryota,Archaeplastida,Chlorophyta,Mamiellophyceae,Mamiellophyceae_X,Dolichomastigales,Dolichomastigales_X,Dolichomastigaceae,Crustomastix,Crustomastix stigmatica
7db9e643441d23b682cee490bd25fae4,Eukaryota,Stramenopiles,Ochrophyta,,,,,,,
53d83788d50feeb539d23f0f21f4005e,Eukaryota,Hacrobia,Cryptophyta,Cryptophyceae,Cryptophyceae_X,Pyrenomonadales,Pyrenomonadales_X,Geminigeraceae,Proteomonas,
791734d715e0e93d4d5e6dffe9238f31,Eukaryota,Stramenopiles,Ochrophyta,Chrysophyceae,Chrysophyceae_X,Chromulinales,Chromulinales_X,Chromulinaceae,Ochromonas,
7627f00de54b3bded21512bce081d352,Eukaryota,Excavata,Discoba,Euglenozoa,Euglenophyceae,Eutreptiales,Eutreptiales_X,Eutreptiaceae,Eutreptiella,
9fb5047f6195a34fba9fc359a618e67d,Eukaryota,Stramenopiles,Ochrophyta,Bacillariophyta,Coscinodiscophyceae,Thalassiosirales,Thalassiosirales_X,,,
72b6aceeffa134f8f10e8ec3ce15f3c0,Eukaryota,Stramenopiles,Ochrophyta,Dictyochophyceae,Dictyochophyceae_X,Rhizochromulinales,Rhizochromulinales_X,Rhizochromulinaceae,Rhizochromulina,Rhizochromulina sp.
9317ddbe3fabc40cf22026ef0a6e75c8,Eukaryota,Stramenopiles,Ochrophyta,Bacillariophyta,,,,,,
ec6d1becc5016e375b86e5ed8e67afea,Eukaryota,Stramenopiles,Ochrophyta,Chrysophyceae,Chrysophyceae_X,Chromulinales,Chromulinales_X,Chromulinaceae,Ochromonas,
91be77d9ddb77073471da7decc83ddba,Eukaryota,Stramenopiles,Ochrophyta,Bacillariophyta,Coscinodiscophyceae,Chaetocerotales,Chaetocerotales,Chaetocerotaceae,Chaetoceros,Chaetoceros sp.
e6433dcabc5cb4f138923b1143181476,Eukaryota,Stramenopiles,Ochrophyta,Bacillariophyta,Coscinodiscophyceae,Thalassiosirales,Thalassiosirales_X,,,
5d56a1255f90273a825b41f1ddfb620f,Eukaryota,Stramenopiles,Ochrophyta,Bacillariophyta,Coscinodiscophyceae,Chaetocerotales,Chaetocerotales_X,Attheyaceae,Attheya,Attheya septentrionalis
b7e0726191464f819b4cd3e3a4fec006,Eukaryota,Hacrobia,Haptophyta,Prymnesiophyceae,Prymnesiophyceae_X,Prymnesiales,Prymnesiales_X,,,
65080d6df74f3d1a5e5e7b7ad8f74ea8,Eukaryota,Stramenopiles,Ochrophyta,Bacillariophyta,Bacillariophyceae,,,,,
10d835a622a57e9feabe5c5da4e6fd4d,Eukaryota,Stramenopiles,Ochrophyta,Bacillariophyta,Bacillariophyceae,,,,,
88ad274b464fef4b40a67d9cbd7af900,Eukaryota,Stramenopiles,Ochrophyta,Chrysophyceae,Chrysophyceae_X,Chromulinales,Chromulinales_X,Chromulinaceae,Ochromonas,Ochromonas sp.
c9759b5e17ed5160ede2c91b12a210a2,Eukaryota,Hacrobia,Cryptophyta,Cryptophyceae,Cryptophyceae_X,Pyrenomonadales,Pyrenomonadales_X,Geminigeraceae,Teleaulax,
954725814d04e047cb8f45ac387e2647,Eukaryota,Archaeplastida,Chlorophyta,Mamiellophyceae,Mamiellophyceae_X,Dolichomastigales,Dolichomastigales_X,Dolichomastigaceae,Dolichomastix,Dolichomastix tenuilepis
60613fb72c92c428287a2afcae6ee689,Eukaryota,Stramenopiles,Ochrophyta,Chrysophyceae,Chrysophyceae_X,Chromulinales,Chromulinales_X,Chromulinaceae,Ochromonas,Ochromonas distigma
58636789be30bf539e9150a24d2884f0,Eukaryota,Stramenopiles,Ochrophyta,Pelagophyceae,Pelagophyceae_X,Sarcinochrysidales,SarcinochrysidaleX,Sarcinochrysidaceae,Ankylochrysis,Ankylochrysis sp.
bf15a8d84249a783db0659f16c0a1c3d,Eukaryota,Stramenopiles,Ochrophyta,Bacillariophyta,Coscinodiscophyceae,Rhizosoleniales,Rhizosoleniales_X,Rhizosoleniaceae,Rhizosolenia,Rhizosolenia setigera
604892d3028f68290a832328c8c96752,Eukaryota,Archaeplastida,Chlorophyta,Chlorophyceae,Chlorophyceae_X,Chlamydomonadales,Chlamydomonadales_X,Chlorococcaceae,Oophila,Oophila amblystomatis
d3b13000ff9706c93d056c5a58364449,Eukaryota,Stramenopiles,Ochrophyta,Bacillariophyta,Bacillariophyceae,,,,,
6dd2d04481785b2f303e73ebcc7c57d1,Eukaryota,Archaeplastida,Chlorophyta,Prasinophyceae,Prasinophyceae_X,Pyramimonadales,Pyramimonadales_X,Pyramimonadaceae,Cymbomonas,Cymbomonas tetramitiformis
8f97149f1567a15618ae1126296a463a,Eukaryota,Hacrobia,Haptophyta,Prymnesiophyceae,Prymnesiophyceae_X,Prymnesiales,Prymnesiales_X,Prymnesiaceae,Prymnesium,Prymnesium polylepis
cf0ad65356c0d2df774fac8cc466601a,Eukaryota,Hacrobia,Haptophyta,Prymnesiophyceae,Prymnesiophyceae_X,Prymnesiales,Prymnesiales_X,Chrysochromulinaceae,Chrysochromulina,Chrysochromulina sp.
ac9584af785563d39aea292730a3ceb5,Eukaryota,Hacrobia,Haptophyta,Prymnesiophyceae,Prymnesiophyceae_X,Prymnesiales,Prymnesiales_X,,,
5de109466e0fc75a9a0a82c3df853820,Eukaryota,Stramenopiles,Ochrophyta,Bacillariophyta,,,,,,
4565766df0727785de3ca9811d47a7ca,Eukaryota,Hacrobia,Haptophyta,Prymnesiophyceae,Prymnesiophyceae_X,Phaeocystales,Phaeocystales_X,Phaeocystaceae,Phaeocystis,Phaeocystis sp.
a89fc38dcaa26f416aa5b1a1faeec8f5,Eukaryota,Stramenopiles,Ochrophyta,Bacillariophyta,Coscinodiscophyceae,Chaetocerotales,Chaetocerotales,Chaetocerotaceae,Chaetoceros,Chaetoceros sp.
ee5bebc0db03d0df6b5ec216e3714a65,Eukaryota,Stramenopiles,Ochrophyta,Bacillariophyta,Coscinodiscophyceae,Thalassiosirales,Thalassiosirales_X,,,
933f88cdb150949f93603b7063a29d13,Eukaryota,Stramenopiles,Ochrophyta,Bacillariophyta,Coscinodiscophyceae,Chaetocerotales,Chaetocerotales,Chaetocerotaceae,Chaetoceros,Chaetoceros sp.
feaf54f49c8516386bf8d87bbd91bd33,Eukaryota,Stramenopiles,Ochrophyta,Chrysophyceae,Chrysophyceae_X,Chromulinales,Chromulinales_X,Chromulinaceae,Ochromonas,Ochromonas sp.
94e60541be005125dcf00d84c5461913,Eukaryota,Hacrobia,Haptophyta,Prymnesiophyceae,Prymnesiophyceae_X,Prymnesiophyceae_XX,Prymnesiophycidae_XXX,Prymnesiophycidae_XXXX,S25_1200,S25_1200 sp.
082d8d593cafca2cd63741f5866f8d2e,Eukaryota,Stramenopiles,Ochrophyta,Dictyochophyceae,Dictyochophyceae_X,Florenciellales,Florenciellales_X,Florenciellales_XX,Florenciella,
2790e9d0dfba931773ed1a21e74ec973,Eukaryota,Stramenopiles,Ochrophyta,Dictyochophyceae,Dictyochophyceae_X,Pedinellales,Pedinellales_X,Pedinellales_XX,Pedinella,Pedinella sp.
30d9b710cc658290bbb8e1ea6634541a,Eukaryota,Stramenopiles,Ochrophyta,Chrysophyceae,Chrysophyceae_X,Chromulinales,Chromulinales_X,Chromulinaceae,Ochromonas,Ochromonas sp.
61ba4b2c5822353b65f26dd14b226927,Eukaryota,Stramenopiles,Ochrophyta,Bacillariophyta,Coscinodiscophyceae,Chaetocerotales,,,,
3c13f4b3ff1e73914607246f8395915c,Eukaryota,Stramenopiles,Ochrophyta,Bacillariophyta,Bacillariophyceae,,,,,
4d71fbc61f74d123af916dfcdcb986f0,Eukaryota,Stramenopiles,Ochrophyta,Bacillariophyta,,,,,,
4a1d3985f32185f5cf3c13439032b717,Eukaryota,Stramenopiles,Ochrophyta,Dictyochophyceae,Dictyochophyceae_X,Pedinellales,Pedinellales_X,Pedinellales_XX,Pedinella,Pedinella sp.
18fa48a201244b9e5470bf1f29218e9d,Eukaryota,Archaeplastida,Chlorophyta,Mamiellophyceae,Mamiellophyceae_X,Mamiellales,Mamiellales_X,Bathycoccaceae,Bathycoccus,Bathycoccus prasinos
3d22b1f45299878876ae58dc8d1fc1fd,Eukaryota,Stramenopiles,Ochrophyta,Bacillariophyta,Coscinodiscophyceae,Thalassiosirales,Thalassiosirales_X,,,
428408f00702d7e787917deaf706c2fe,Eukaryota,Excavata,Discoba,Euglenozoa,Euglenophyceae,Eutreptiales,Eutreptiales_X,Eutreptiaceae,Eutreptiella,Eutreptiella gymnastica
9b9cc6dfa718f1036259db6b2f22f8c5,Eukaryota,Stramenopiles,Ochrophyta,Bacillariophyta,Bacillariophyceae,,,,,
81cc97eb2c9158cab078bc6dd03d627d,Eukaryota,Stramenopiles,Ochrophyta,Dictyochophyceae,Dictyochophyceae_X,Rhizochromulinales,Rhizochromulinales_X,Rhizochromulinaceae,Rhizochromulina,Rhizochromulina sp.
7945b110375e744455e0c67dc9b7b7a0,Eukaryota,Stramenopiles,Ochrophyta,Chrysophyceae,Chrysophyceae_X,Chromulinales,Chromulinales_X,Chromulinaceae,Ochromonas,Ochromonas sp.
574ead9f8c226da7644d549926cf0a90,Eukaryota,Stramenopiles,Ochrophyta,Bacillariophyta,Coscinodiscophyceae,Chaetocerotales,Chaetocerotales,Chaetocerotaceae,Chaetoceros,Chaetoceros sp.
f33a3c6449738cc81f2c18ddce517464,Eukaryota,Stramenopiles,Ochrophyta,Chrysophyceae,Chrysophyceae_X,Chromulinales,Chromulinales_X,Chromulinaceae,Ochromonas,Ochromonas sp.
0aa1fc664788d37014f9620c1aa573c5,Eukaryota,Stramenopiles,Ochrophyta,Bacillariophyta,Coscinodiscophyceae,Thalassiosirales,Thalassiosirales_X,,,
4e61c431cb9841c4c937324144a3b282,Eukaryota,Stramenopiles,Ochrophyta,Dictyochophyceae,Dictyochophyceae_X,Florenciellales,Florenciellales_X,Florenciellales_XX,Florenciella,
b95867377f390c93f7c25c68b1c9222f,Eukaryota,Hacrobia,Cryptophyta,Cryptophyceae,Cryptophyceae_X,Pyrenomonadales,Pyrenomonadales_X,Geminigeraceae,,
2b722e55058a73461d71c10d111931c6,Eukaryota,Archaeplastida,Chlorophyta,Mamiellophyceae,Mamiellophyceae_X,Mamiellales,Mamiellales_X,Mamiellaceae,,
4668b312ab0b1a5b1062768f3fdcfc39,Eukaryota,Hacrobia,Haptophyta,Prymnesiophyceae,Prymnesiophyceae_X,Prymnesiales,Prymnesiales_X,Chrysochromulinaceae,Chrysochromulina,Chrysochromulina sp.
887f08bc5338a7adde4310ee972e8d9f,Eukaryota,Stramenopiles,Ochrophyta,Bacillariophyta,,,,,,
98245c1a36cc76ba6df508fec401f1e6,Eukaryota,Stramenopiles,Ochrophyta,Bacillariophyta,Coscinodiscophyceae,Chaetocerotales,Chaetocerotales,Chaetocerotaceae,Chaetoceros,Chaetoceros sp.
913384ad027b5dce2cb9880e76dcc87b,Eukaryota,Stramenopiles,Ochrophyta,Chrysophyceae,Chrysophyceae_X,Chromulinales,Chromulinales_X,Chromulinaceae,Ochromonas,Ochromonas sp.
47e984a1e8289c965d62e71f607c835d,Eukaryota,Archaeplastida,Chlorophyta,Trebouxiophyceae,Trebouxiophyceae_X,Prasiolales,Prasiolales_X,Koliellaceae,,
8bf92259a31279e1ca2d8ac9f4ef3ee2,Eukaryota,Hacrobia,Haptophyta,Prymnesiophyceae,Prymnesiophyceae_X,Prymnesiales,Prymnesiales_X,Chrysochromulinaceae,Chrysochromulina,Chrysochromulina sp.
c1c5dda57f8179af8d6e10b47717c624,Eukaryota,Stramenopiles,Ochrophyta,Bacillariophyta,Coscinodiscophyceae,Thalassiosirales,Thalassiosirales_X,,,
0ea12d476952013a03a78be5107d0606,Eukaryota,Archaeplastida,Chlorophyta,Ulvophyceae,Ulvophyceae_X,Ulvophyceae_XX,Ulvophyceae_XXX,Ulvophyceae_XXXX,Desmochloris,Desmochloris halophila
07fc6a5d5c299003c63a5cc8412b231c,Eukaryota,Archaeplastida,Chlorophyta,Prasinophyceae,Prasinophyceae_X,Pyramimonadales,Pyramimonadales_X,Pyramimonadaceae,Cymbomonas,Cymbomonas tetramitiformis
30f17d9f42a679a50f835e7d158138e9,Eukaryota,Stramenopiles,Ochrophyta,Bacillariophyta,Coscinodiscophyceae,,,,,
40e30d9c68ca1abdcc6dbab97e40a915,Eukaryota,Stramenopiles,Ochrophyta,Bacillariophyta,Coscinodiscophyceae,Thalassiosirales,Thalassiosirales_X,,,
edf10c79e4eb8e1db440905034f56e65,Eukaryota,Stramenopiles,Ochrophyta,Bacillariophyta,Fragilariophyceae,Fragilariales,Fragilariales_X,Fragilariaceae,Ulnaria,Ulnaria acus
afccaa46d28def1a6e37ae7caf8ebb01,Eukaryota,Excavata,Discoba,Euglenozoa,Euglenophyceae,Euglenales,Euglenales_X,Euglenaceae,Monomorphina,Monomorphina inconspicuus
0bffd0f9cb98d26aa25c1f0f2bc8ad65,Eukaryota,Stramenopiles,Ochrophyta,Bacillariophyta,Bacillariophyceae,,,,,
23b1b1e923d9dcb104d99039e3fed79b,Eukaryota,Archaeplastida,Chlorophyta,Mamiellophyceae,Mamiellophyceae_X,Mamiellales,Mamiellales_X,Mamiellaceae,Micromonas,Micromonas pusilla
b130aa289cbe4a8e0820a5b433ac9924,Eukaryota,Archaeplastida,Chlorophyta,Ulvophyceae,Ulvophyceae_X,Ulvophyceae_XX,Ulvophyceae_XXX,Ulvophyceae_XXXX,Desmochloris,Desmochloris halophila
33481e3d11e6a697c1c472c32a2f7000,Eukaryota,Stramenopiles,Ochrophyta,Bacillariophyta,Coscinodiscophyceae,Thalassiosirales,Thalassiosirales_X,,,
b4ab355e34ebdf844f5d97a00c47c732,Eukaryota,Stramenopiles,Ochrophyta,Dictyochophyceae,Dictyochophyceae_X,Florenciellales,Florenciellales_X,Florenciellales_XX,Florenciella,
2da0393f2207da00d14b19c774f8211d,Eukaryota,Archaeplastida,Chlorophyta,Chlorophyceae,Chlorophyceae_X,Chlamydomonadales,Chlamydomonadales_X,Dunaliellaceae,Dunaliella,
d25619c806c340edc93dbd6c78ed8f49,Eukaryota,Stramenopiles,Ochrophyta,Bacillariophyta,,,,,,
3d2084a3f03faaf64353bc668761d611,Eukaryota,Stramenopiles,Ochrophyta,Pelagophyceae,Pelagophyceae_X,Sarcinochrysidales,SarcinochrysidaleX,Sarcinochrysidaceae,Ankylochrysis,Ankylochrysis sp.
fbebc5e1927c1a913503097f4e8b9ac9,Eukaryota,Stramenopiles,Ochrophyta,Bacillariophyta,Coscinodiscophyceae,Chaetocerotales,Chaetocerotales,Chaetocerotaceae,Chaetoceros,Chaetoceros sp.
53af814c5ee221dd13beb070f36e35a1,Eukaryota,Stramenopiles,Ochrophyta,Bacillariophyta,Coscinodiscophyceae,,,,,
5fb9be476da9bd03a78a0d01faa5cba9,Eukaryota,Stramenopiles,Ochrophyta,Chrysophyceae,Chrysophyceae_X,Chromulinales,Chromulinales_X,Chromulinaceae,Ochromonas,
553ae718381e16bfe7d9fec40d29b8d6,Eukaryota,Stramenopiles,Ochrophyta,Bacillariophyta,,,,,,
b395aff02302d2cb3bd8884718e91e7c,Eukaryota,Stramenopiles,Ochrophyta,Bacillariophyta,Coscinodiscophyceae,,,,,
b2e2622d0336d2ec07a32a257afb84ff,Eukaryota,Stramenopiles,Ochrophyta,Bacillariophyta,,,,,,
f097eceded681a0a431b9837f4b625af,Eukaryota,Stramenopiles,Ochrophyta,Bacillariophyta,Coscinodiscophyceae,Thalassiosirales,Thalassiosirales_X,,,
305971027c24348190c6f722efb0961a,Eukaryota,Stramenopiles,Ochrophyta,,,,,,,
7d663d4d0483327dd57ec6a36a5b2aec,Eukaryota,Stramenopiles,Ochrophyta,Chrysophyceae,Chrysophyceae_X,Chromulinales,Chromulinales_X,Chromulinaceae,Ochromonas,Ochromonas sp.
00f4f8460296614b9d6c279daa6cda04,Eukaryota,Stramenopiles,Ochrophyta,,,,,,,
4ebf5029234c419a59eb9da422c69df2,Eukaryota,Hacrobia,Haptophyta,Prymnesiophyceae,Prymnesiophyceae_X,Prymnesiales,Prymnesiales_X,Chrysochromulinaceae,Chrysochromulina,Chrysochromulina camella
6dff16680aa1c74ab5b96c275d6bc6f6,Eukaryota,Stramenopiles,Ochrophyta,Bacillariophyta,Bacillariophyceae,Cymbellales,Cymbellales_X,Cymbellaceae,Cymbella,
991355120b406e94aa18de5030634a76,Eukaryota,Stramenopiles,Ochrophyta,Bacillariophyta,,,,,,
edccc63a343627b759a2c6e92491bbbf,Eukaryota,Stramenopiles,Ochrophyta,Bacillariophyta,Bacillariophyceae,,,,,
798dc063b44c5f1a401fd4474b7dbfe9,Eukaryota,Stramenopiles,Ochrophyta,Bacillariophyta,,,,,,
cef007c5cae8577c26ebb51236b09d6f,Eukaryota,Stramenopiles,Ochrophyta,Bacillariophyta,,,,,,
ca5b7d2c0d01ae1afa08be7bc62adf44,Eukaryota,Stramenopiles,Ochrophyta,,,,,,,