SAMPLE_ID,Modified.Sequence,first.SAMPLE_ID.,Sample.name,fmol.L_adjusted,pmol.L,peptide_names,Depth,name_group,merger,Fe56.MR.,Mn55.MR.,Cd111.LR.,NO3,PO4,SiO4,Glacier_Name
29n30,DYVAEGPQILR,29n30,TA7_2,47.27245181,0.047272452,Phaeocystis,15,TA7,TA7_2_15,0.47,13.42,0.129,0.88,0.43,2.85,Talbot Inlet
29n30,FLNCLEGINR,29n30,TA7_2,37.31729375,0.037317294,Thalassiosirales,15,TA7,TA7_2_15,0.47,13.42,0.129,0.88,0.43,2.85,Talbot Inlet
29n30,FLNCMEGINR,29n30,TA7_2,32.85089572,0.032850896,Fragilariopsis/Pseudo-nitzschia,15,TA7,TA7_2_15,0.47,13.42,0.129,0.88,0.43,2.85,Talbot Inlet
29n30,FLYCMEGINR,29n30,TA7_2,682.1430497,0.68214305,Chaetoceros,15,TA7,TA7_2_15,0.47,13.42,0.129,0.88,0.43,2.85,Talbot Inlet
29n30,NVTLGFVDLMR,29n30,TA7_2,20.7862046,0.020786205,Micromonas,15,TA7,TA7_2_15,0.47,13.42,0.129,0.88,0.43,2.85,Talbot Inlet
29n30,YESGVIPYAK,29n30,TA7_2,2311.549585,2.311549585,Broad,15,TA7,TA7_2_15,0.47,13.42,0.129,0.88,0.43,2.85,Talbot Inlet
31n32,DYVAEGPQILR,31n32,TA7_3,18.61041381,0.018610414,Phaeocystis,5,TA7,TA7_3_5,NA,NA,NA,0.28,0.33,3.19,Talbot Inlet
31n32,FLNCLEGINR,31n32,TA7_3,31.07772571,0.031077726,Thalassiosirales,5,TA7,TA7_3_5,NA,NA,NA,0.28,0.33,3.19,Talbot Inlet
31n32,FLNCMEGINR,31n32,TA7_3,18.25874809,0.018258748,Fragilariopsis/Pseudo-nitzschia,5,TA7,TA7_3_5,NA,NA,NA,0.28,0.33,3.19,Talbot Inlet
31n32,FLYCMEGINR,31n32,TA7_3,1194.282268,1.194282268,Chaetoceros,5,TA7,TA7_3_5,NA,NA,NA,0.28,0.33,3.19,Talbot Inlet
31n32,NVTLGFVDLMR,31n32,TA7_3,35.77973279,0.035779733,Micromonas,5,TA7,TA7_3_5,NA,NA,NA,0.28,0.33,3.19,Talbot Inlet
31n32,YESGVIPYAK,31n32,TA7_3,5850.165045,5.850165045,Broad,5,TA7,TA7_3_5,NA,NA,NA,0.28,0.33,3.19,Talbot Inlet
33,DYVAEGPQILR,33,SV1_2,215.153824,0.215153824,Phaeocystis,18,SV1,SV1_2_18,0.17,9.6,0.231,7.18,0.96,NA,Sverdrup
33,FLNCLEGINR,33,SV1_2,10364.99405,10.36499405,Thalassiosirales,18,SV1,SV1_2_18,0.17,9.6,0.231,7.18,0.96,NA,Sverdrup
33,FLNCMEGINR,33,SV1_2,830.3129301,0.83031293,Fragilariopsis/Pseudo-nitzschia,18,SV1,SV1_2_18,0.17,9.6,0.231,7.18,0.96,NA,Sverdrup
33,FLYCMEGINR,33,SV1_2,1179.974373,1.179974373,Chaetoceros,18,SV1,SV1_2_18,0.17,9.6,0.231,7.18,0.96,NA,Sverdrup
33,NVTLGFVDLMR,33,SV1_2,96.41439341,0.096414393,Micromonas,18,SV1,SV1_2_18,0.17,9.6,0.231,7.18,0.96,NA,Sverdrup
33,YESGVIPYAK,33,SV1_2,60740.8912,60.7408912,Broad,18,SV1,SV1_2_18,0.17,9.6,0.231,7.18,0.96,NA,Sverdrup
34,DYVAEGPQILR,34,SV1_2,303.8344778,0.303834478,Phaeocystis,18,SV1,SV1_2_18,0.17,9.6,0.231,7.18,0.96,NA,Sverdrup
34,FLNCLEGINR,34,SV1_2,7185.301256,7.185301256,Thalassiosirales,18,SV1,SV1_2_18,0.17,9.6,0.231,7.18,0.96,NA,Sverdrup
34,FLNCMEGINR,34,SV1_2,742.4828298,0.74248283,Fragilariopsis/Pseudo-nitzschia,18,SV1,SV1_2_18,0.17,9.6,0.231,7.18,0.96,NA,Sverdrup
34,FLYCMEGINR,34,SV1_2,4310.133838,4.310133838,Chaetoceros,18,SV1,SV1_2_18,0.17,9.6,0.231,7.18,0.96,NA,Sverdrup
34,NVTLGFVDLMR,34,SV1_2,54.02650471,0.054026505,Micromonas,18,SV1,SV1_2_18,0.17,9.6,0.231,7.18,0.96,NA,Sverdrup
34,YESGVIPYAK,34,SV1_2,76246.22247,76.24622247,Broad,18,SV1,SV1_2_18,0.17,9.6,0.231,7.18,0.96,NA,Sverdrup
35,DYVAEGPQILR,35,SV1_1,458.6073292,0.458607329,Phaeocystis,5,SV1,SV1_1_5,0.29,10.49,0.227,4.06,0.76,12.91,Sverdrup
35,FLNCLEGINR,35,SV1_1,10749.80486,10.74980486,Thalassiosirales,5,SV1,SV1_1_5,0.29,10.49,0.227,4.06,0.76,12.91,Sverdrup
35,FLNCMEGINR,35,SV1_1,2830.885751,2.830885751,Fragilariopsis/Pseudo-nitzschia,5,SV1,SV1_1_5,0.29,10.49,0.227,4.06,0.76,12.91,Sverdrup
35,FLYCMEGINR,35,SV1_1,9757.442191,9.757442191,Chaetoceros,5,SV1,SV1_1_5,0.29,10.49,0.227,4.06,0.76,12.91,Sverdrup
35,NVTLGFVDLMR,35,SV1_1,85.02068189,0.085020682,Micromonas,5,SV1,SV1_1_5,0.29,10.49,0.227,4.06,0.76,12.91,Sverdrup
35,YESGVIPYAK,35,SV1_1,133292.9503,133.2929503,Broad,5,SV1,SV1_1_5,0.29,10.49,0.227,4.06,0.76,12.91,Sverdrup
36,DYVAEGPQILR,36,SV1_1,533.7466819,0.533746682,Phaeocystis,5,SV1,SV1_1_5,0.29,10.49,0.227,4.06,0.76,12.91,Sverdrup
36,FLNCLEGINR,36,SV1_1,11966.90357,11.96690357,Thalassiosirales,5,SV1,SV1_1_5,0.29,10.49,0.227,4.06,0.76,12.91,Sverdrup
36,FLNCMEGINR,36,SV1_1,2739.923837,2.739923837,Fragilariopsis/Pseudo-nitzschia,5,SV1,SV1_1_5,0.29,10.49,0.227,4.06,0.76,12.91,Sverdrup
36,FLYCMEGINR,36,SV1_1,9316.495251,9.316495251,Chaetoceros,5,SV1,SV1_1_5,0.29,10.49,0.227,4.06,0.76,12.91,Sverdrup
36,NVTLGFVDLMR,36,SV1_1,151.3013878,0.151301388,Micromonas,5,SV1,SV1_1_5,0.29,10.49,0.227,4.06,0.76,12.91,Sverdrup
36,YESGVIPYAK,36,SV1_1,148652.0917,148.6520917,Broad,5,SV1,SV1_1_5,0.29,10.49,0.227,4.06,0.76,12.91,Sverdrup
37,DYVAEGPQILR,37,SV7_1,2278.563074,2.278563074,Phaeocystis,15,SV7,SV7_1_15,0.58,12,0.156,0.07,0.42,2.64,Sverdrup
37,FLNCLEGINR,37,SV7_1,8364.088357,8.364088357,Thalassiosirales,15,SV7,SV7_1_15,0.58,12,0.156,0.07,0.42,2.64,Sverdrup
37,FLNCMEGINR,37,SV7_1,1764.383882,1.764383882,Fragilariopsis/Pseudo-nitzschia,15,SV7,SV7_1_15,0.58,12,0.156,0.07,0.42,2.64,Sverdrup
37,FLYCMEGINR,37,SV7_1,9928.489314,9.928489314,Chaetoceros,15,SV7,SV7_1_15,0.58,12,0.156,0.07,0.42,2.64,Sverdrup
37,NVTLGFVDLMR,37,SV7_1,233.1907464,0.233190746,Micromonas,15,SV7,SV7_1_15,0.58,12,0.156,0.07,0.42,2.64,Sverdrup
37,YESGVIPYAK,37,SV7_1,230018.7813,230.0187813,Broad,15,SV7,SV7_1_15,0.58,12,0.156,0.07,0.42,2.64,Sverdrup
38,DYVAEGPQILR,38,SV7_1,1025.066776,1.025066776,Phaeocystis,15,SV7,SV7_1_15,0.58,12,0.156,0.07,0.42,2.64,Sverdrup
38,FLNCLEGINR,38,SV7_1,5510.582118,5.510582118,Thalassiosirales,15,SV7,SV7_1_15,0.58,12,0.156,0.07,0.42,2.64,Sverdrup
38,FLNCMEGINR,38,SV7_1,965.4553689,0.965455369,Fragilariopsis/Pseudo-nitzschia,15,SV7,SV7_1_15,0.58,12,0.156,0.07,0.42,2.64,Sverdrup
38,FLYCMEGINR,38,SV7_1,6835.497148,6.835497148,Chaetoceros,15,SV7,SV7_1_15,0.58,12,0.156,0.07,0.42,2.64,Sverdrup
38,NVTLGFVDLMR,38,SV7_1,83.6672713,0.083667271,Micromonas,15,SV7,SV7_1_15,0.58,12,0.156,0.07,0.42,2.64,Sverdrup
38,YESGVIPYAK,38,SV7_1,143173.1041,143.1731041,Broad,15,SV7,SV7_1_15,0.58,12,0.156,0.07,0.42,2.64,Sverdrup
39,DYVAEGPQILR,39,SV7_2,1067.144134,1.067144134,Phaeocystis,5,SV7,SV7_2_5,0.77,9.27,0.184,2.06,0.68,8.18,Sverdrup
39,FLNCLEGINR,39,SV7_2,13983.15082,13.98315082,Thalassiosirales,5,SV7,SV7_2_5,0.77,9.27,0.184,2.06,0.68,8.18,Sverdrup
39,FLNCMEGINR,39,SV7_2,1895.011088,1.895011088,Fragilariopsis/Pseudo-nitzschia,5,SV7,SV7_2_5,0.77,9.27,0.184,2.06,0.68,8.18,Sverdrup
39,FLYCMEGINR,39,SV7_2,11266.50816,11.26650816,Chaetoceros,5,SV7,SV7_2_5,0.77,9.27,0.184,2.06,0.68,8.18,Sverdrup
39,NVTLGFVDLMR,39,SV7_2,223.2637973,0.223263797,Micromonas,5,SV7,SV7_2_5,0.77,9.27,0.184,2.06,0.68,8.18,Sverdrup
39,YESGVIPYAK,39,SV7_2,197296.2522,197.2962522,Broad,5,SV7,SV7_2_5,0.77,9.27,0.184,2.06,0.68,8.18,Sverdrup
40,DYVAEGPQILR,40,SV7_2,584.9037357,0.584903736,Phaeocystis,5,SV7,SV7_2_5,0.77,9.27,0.184,2.06,0.68,8.18,Sverdrup
40,FLNCLEGINR,40,SV7_2,11660.63612,11.66063612,Thalassiosirales,5,SV7,SV7_2_5,0.77,9.27,0.184,2.06,0.68,8.18,Sverdrup
40,FLNCMEGINR,40,SV7_2,2608.643607,2.608643607,Fragilariopsis/Pseudo-nitzschia,5,SV7,SV7_2_5,0.77,9.27,0.184,2.06,0.68,8.18,Sverdrup
40,FLYCMEGINR,40,SV7_2,10403.77543,10.40377543,Chaetoceros,5,SV7,SV7_2_5,0.77,9.27,0.184,2.06,0.68,8.18,Sverdrup
40,NVTLGFVDLMR,40,SV7_2,200.227441,0.200227441,Micromonas,5,SV7,SV7_2_5,0.77,9.27,0.184,2.06,0.68,8.18,Sverdrup
40,YESGVIPYAK,40,SV7_2,134787.3393,134.7873393,Broad,5,SV7,SV7_2_5,0.77,9.27,0.184,2.06,0.68,8.18,Sverdrup
41,DYVAEGPQILR,41,BL9_2,113.2795052,0.113279505,Phaeocystis,30,BL9,BL9_2_30,0.76,5.79,0.149,0.24,0.46,1.11,Belcher
41,FLNCLEGINR,41,BL9_2,287.2173978,0.287217398,Thalassiosirales,30,BL9,BL9_2_30,0.76,5.79,0.149,0.24,0.46,1.11,Belcher
41,FLNCMEGINR,41,BL9_2,198.7229199,0.19872292,Fragilariopsis/Pseudo-nitzschia,30,BL9,BL9_2_30,0.76,5.79,0.149,0.24,0.46,1.11,Belcher
41,FLYCMEGINR,41,BL9_2,524.6611227,0.524661123,Chaetoceros,30,BL9,BL9_2_30,0.76,5.79,0.149,0.24,0.46,1.11,Belcher
41,NVTLGFVDLMR,41,BL9_2,84.16365319,0.084163653,Micromonas,30,BL9,BL9_2_30,0.76,5.79,0.149,0.24,0.46,1.11,Belcher
41,YESGVIPYAK,41,BL9_2,7685.182753,7.685182753,Broad,30,BL9,BL9_2_30,0.76,5.79,0.149,0.24,0.46,1.11,Belcher
42,DYVAEGPQILR,42,BL9_1,46.14587891,0.046145879,Phaeocystis,5,BL9,BL9_1_5,NA,NA,NA,0.52,0.39,0.64,Belcher
42,FLNCLEGINR,42,BL9_1,285.739328,0.285739328,Thalassiosirales,5,BL9,BL9_1_5,NA,NA,NA,0.52,0.39,0.64,Belcher
42,FLNCMEGINR,42,BL9_1,105.7840118,0.105784012,Fragilariopsis/Pseudo-nitzschia,5,BL9,BL9_1_5,NA,NA,NA,0.52,0.39,0.64,Belcher
42,FLYCMEGINR,42,BL9_1,815.8440309,0.815844031,Chaetoceros,5,BL9,BL9_1_5,NA,NA,NA,0.52,0.39,0.64,Belcher
42,NVTLGFVDLMR,42,BL9_1,248.4776245,0.248477625,Micromonas,5,BL9,BL9_1_5,NA,NA,NA,0.52,0.39,0.64,Belcher
42,YESGVIPYAK,42,BL9_1,6884.632856,6.884632856,Broad,5,BL9,BL9_1_5,NA,NA,NA,0.52,0.39,0.64,Belcher
43,DYVAEGPQILR,43,BL1_2,80.80011157,0.080800112,Phaeocystis,30,BL1,BL1_2_30,0.97,5.88,0.141,0,0.4,0.95,Belcher
43,FLNCLEGINR,43,BL1_2,317.4030266,0.317403027,Thalassiosirales,30,BL1,BL1_2_30,0.97,5.88,0.141,0,0.4,0.95,Belcher
43,FLNCMEGINR,43,BL1_2,206.7375174,0.206737517,Fragilariopsis/Pseudo-nitzschia,30,BL1,BL1_2_30,0.97,5.88,0.141,0,0.4,0.95,Belcher
43,FLYCMEGINR,43,BL1_2,394.7275025,0.394727503,Chaetoceros,30,BL1,BL1_2_30,0.97,5.88,0.141,0,0.4,0.95,Belcher
43,NVTLGFVDLMR,43,BL1_2,148.3131173,0.148313117,Micromonas,30,BL1,BL1_2_30,0.97,5.88,0.141,0,0.4,0.95,Belcher
43,YESGVIPYAK,43,BL1_2,5567.95544,5.56795544,Broad,30,BL1,BL1_2_30,0.97,5.88,0.141,0,0.4,0.95,Belcher
44,DYVAEGPQILR,44,BL1_1,48.55582698,0.048555827,Phaeocystis,5,BL1,BL1_1_5,NA,NA,NA,0.09,0.4,0.79,Belcher
44,FLNCLEGINR,44,BL1_1,243.3260914,0.243326091,Thalassiosirales,5,BL1,BL1_1_5,NA,NA,NA,0.09,0.4,0.79,Belcher
44,FLNCMEGINR,44,BL1_1,87.51950832,0.087519508,Fragilariopsis/Pseudo-nitzschia,5,BL1,BL1_1_5,NA,NA,NA,0.09,0.4,0.79,Belcher
44,FLYCMEGINR,44,BL1_1,421.1003529,0.421100353,Chaetoceros,5,BL1,BL1_1_5,NA,NA,NA,0.09,0.4,0.79,Belcher
44,NVTLGFVDLMR,44,BL1_1,192.781198,0.192781198,Micromonas,5,BL1,BL1_1_5,NA,NA,NA,0.09,0.4,0.79,Belcher
44,YESGVIPYAK,44,BL1_1,4162.70141,4.16270141,Broad,5,BL1,BL1_1_5,NA,NA,NA,0.09,0.4,0.79,Belcher